bowler,matches,total_balls,runs_conceded,wickets,wides,noballs,dot_balls,fours_conceded,sixes_conceded,legal_balls,overs,economy,bowling_average,bowling_strike_rate,dot_ball_pct,powerplay_runs_conceded,powerplay_wickets,powerplay_balls,powerplay_legal_balls,powerplay_economy,middle_runs_conceded,middle_wickets,middle_balls,middle_legal_balls,middle_economy,death_runs_conceded,death_wickets,death_balls,death_legal_balls,death_economy,best_wickets,best_runs_in_best
A Ashish Reddy,20,270,400,19,6,2,79,26,20,262,43.4,9.16,21.05,13.79,29.26,20.0,0.0,6.0,6.0,20.0,211.0,8.0,159.0,155.0,8.17,169.0,11.0,105.0,101.0,10.04,3,25
A Badoni,7,35,50,4,0,0,8,1,3,35,5.5,8.57,12.5,8.75,22.86,0.0,0.0,1.0,1.0,0.0,31.0,2.0,18.0,18.0,10.33,19.0,2.0,16.0,16.0,7.12,2,4
A Chandila,12,234,245,11,0,0,103,17,10,234,39.0,6.28,22.27,21.27,44.02,139.0,10.0,144.0,144.0,5.79,100.0,1.0,84.0,84.0,7.14,6.0,0.0,6.0,6.0,6.0,4,13
A Choudhary,5,108,144,5,6,1,42,13,6,101,16.5,8.55,28.8,20.2,38.89,46.0,3.0,37.0,36.0,7.67,58.0,1.0,44.0,41.0,8.49,40.0,1.0,27.0,24.0,10.0,2,17
A Dananjaya,1,25,47,0,1,0,6,2,4,24,4.0,11.75,999.0,999.0,24.0,12.0,0.0,6.0,6.0,12.0,35.0,0.0,19.0,18.0,11.67,0.0,0.0,0.0,0.0,0.0,0,47
A Flintoff,3,66,106,2,0,0,20,7,7,66,11.0,9.64,53.0,33.0,30.3,21.0,0.0,12.0,12.0,10.5,26.0,1.0,30.0,30.0,5.2,59.0,1.0,24.0,24.0,14.75,1,45
A Kamboj,11,198,288,10,6,3,74,27,14,189,31.3,9.14,28.8,18.9,37.37,232.0,8.0,161.0,156.0,8.92,53.0,1.0,34.0,30.0,10.6,3.0,1.0,3.0,3.0,6.0,3,13
A Kumble,42,983,1089,49,13,5,374,72,35,965,160.5,6.77,22.22,19.69,38.05,90.0,3.0,109.0,108.0,5.0,782.0,28.0,700.0,690.0,6.8,217.0,18.0,174.0,167.0,7.8,5,6
A Mishra,162,3444,4193,183,52,21,1185,239,184,3371,561.5,7.46,22.91,18.42,34.41,174.0,6.0,143.0,138.0,7.57,3188.0,132.0,2758.0,2712.0,7.05,831.0,45.0,543.0,521.0,9.57,5,17
A Mithun,16,312,477,8,15,9,90,42,21,288,48.0,9.94,59.62,36.0,28.85,105.0,1.0,71.0,66.0,9.55,217.0,2.0,156.0,144.0,9.04,155.0,5.0,85.0,78.0,11.92,2,37
A Nehra,88,1974,2537,121,57,9,798,279,76,1908,318.0,7.98,20.97,15.77,40.43,1387.0,45.0,1131.0,1093.0,7.61,356.0,13.0,297.0,288.0,7.42,794.0,63.0,546.0,527.0,9.04,5,29
A Nel,1,18,31,1,0,0,7,3,2,18,3.0,10.33,31.0,18.0,38.89,12.0,1.0,6.0,6.0,12.0,11.0,0.0,6.0,6.0,11.0,8.0,0.0,6.0,6.0,8.0,1,31
A Nortje,48,1142,1701,63,38,8,415,163,76,1096,182.4,9.31,27.0,17.4,36.34,638.0,22.0,459.0,444.0,8.62,320.0,12.0,227.0,218.0,8.81,743.0,29.0,456.0,434.0,10.27,4,34
A Singh,23,486,639,31,12,1,189,67,17,473,78.5,8.11,20.61,15.26,38.89,308.0,13.0,276.0,264.0,7.0,59.0,1.0,48.0,48.0,7.38,272.0,17.0,162.0,161.0,10.14,4,19
A Symonds,30,540,694,23,12,1,190,44,33,527,87.5,7.9,30.17,22.91,35.19,110.0,5.0,118.0,114.0,5.79,437.0,12.0,337.0,330.0,7.95,147.0,6.0,85.0,83.0,10.63,3,22
A Uniyal,2,38,67,3,2,0,8,6,3,36,6.0,11.17,22.33,12.0,21.05,22.0,1.0,13.0,12.0,11.0,18.0,0.0,6.0,6.0,18.0,27.0,2.0,19.0,18.0,9.0,3,41
A Zampa,22,475,656,32,8,0,139,36,35,467,77.5,8.43,20.5,14.59,29.26,48.0,3.0,43.0,42.0,6.86,442.0,16.0,342.0,336.0,7.89,166.0,13.0,90.0,89.0,11.19,6,19
AA Chavan,13,255,339,8,7,0,100,28,16,248,41.2,8.2,42.38,31.0,39.22,164.0,3.0,149.0,144.0,6.83,143.0,2.0,92.0,90.0,9.53,32.0,3.0,14.0,14.0,13.71,2,28
AA Jhunjhunwala,10,88,130,1,3,0,27,10,5,85,14.1,9.18,130.0,85.0,30.68,47.0,0.0,32.0,30.0,9.4,81.0,1.0,55.0,54.0,9.0,2.0,0.0,1.0,1.0,12.0,1,14
AA Kazi,1,13,21,1,1,0,2,1,1,12,2.0,10.5,21.0,12.0,15.38,0.0,0.0,0.0,0.0,0.0,21.0,1.0,13.0,12.0,10.5,0.0,0.0,0.0,0.0,0.0,1,21
AA Noffke,1,25,41,1,1,0,6,2,2,24,4.0,10.25,41.0,24.0,24.0,23.0,0.0,7.0,6.0,23.0,7.0,0.0,6.0,6.0,7.0,11.0,1.0,12.0,12.0,5.5,1,41
AB Agarkar,42,820,1174,33,36,2,254,113,41,782,130.2,9.01,35.58,23.7,30.98,295.0,6.0,194.0,180.0,9.83,568.0,18.0,435.0,420.0,8.11,311.0,9.0,191.0,182.0,10.25,3,25
AB Dinda,75,1589,2103,82,59,14,627,232,58,1516,252.4,8.32,25.65,18.49,39.46,1010.0,36.0,855.0,810.0,7.48,326.0,11.0,306.0,294.0,6.65,767.0,35.0,428.0,412.0,11.17,4,18
AB McDonald,10,188,263,14,2,0,50,20,11,186,31.0,8.48,18.79,13.29,26.6,64.0,3.0,43.0,42.0,9.14,148.0,7.0,115.0,114.0,7.79,51.0,4.0,30.0,30.0,10.2,4,42
AC Gilchrist,1,1,0,1,0,0,1,0,0,1,0.1,0.0,0.0,1.0,100.0,0.0,0.0,0.0,0.0,0.0,0.0,0.0,0.0,0.0,0.0,0.0,1.0,1.0,1.0,0.0,1,0
AC Thomas,15,327,416,16,10,2,126,41,11,315,52.3,7.92,26.0,19.69,38.53,196.0,8.0,185.0,180.0,6.53,27.0,3.0,24.0,24.0,6.75,193.0,5.0,118.0,111.0,10.43,3,22
AC Voges,7,56,76,1,2,0,15,8,2,54,9.0,8.44,76.0,54.0,26.79,26.0,0.0,13.0,12.0,13.0,45.0,1.0,37.0,36.0,7.5,5.0,0.0,6.0,6.0,5.0,1,9
AD Mascarenhas,13,310,365,19,2,0,124,34,8,308,51.2,7.11,19.21,16.21,40.0,206.0,12.0,168.0,168.0,7.36,117.0,5.0,115.0,114.0,6.16,42.0,2.0,27.0,26.0,9.69,5,29
AD Mathews,44,807,1095,28,15,1,224,98,29,791,131.5,8.31,39.11,28.25,27.76,185.0,6.0,129.0,126.0,8.81,685.0,12.0,523.0,510.0,8.06,225.0,10.0,155.0,155.0,8.71,4,20
AD Russell,121,1885,2909,133,66,13,612,274,130,1806,301.0,9.66,21.87,13.58,32.47,584.0,23.0,427.0,407.0,8.61,1259.0,51.0,847.0,813.0,9.29,1066.0,59.0,611.0,586.0,10.91,6,25
AF Milne,10,217,339,9,9,1,69,35,13,207,34.3,9.83,37.67,23.0,31.8,158.0,3.0,101.0,96.0,9.88,90.0,1.0,58.0,54.0,10.0,91.0,5.0,58.0,57.0,9.58,3,32
AG Murtaza,12,269,322,12,5,0,101,22,14,264,44.0,7.32,26.83,22.0,37.55,52.0,3.0,79.0,78.0,4.0,216.0,9.0,165.0,162.0,8.0,54.0,0.0,25.0,24.0,13.5,3,20
AJ Finch,5,44,67,1,1,0,13,4,4,43,7.1,9.35,67.0,43.0,29.55,3.0,0.0,6.0,6.0,3.0,58.0,1.0,31.0,30.0,11.6,6.0,0.0,7.0,7.0,5.14,1,11
AJ Hosein,1,24,41,1,0,0,5,4,2,24,4.0,10.25,41.0,24.0,20.83,31.0,0.0,18.0,18.0,10.33,10.0,1.0,6.0,6.0,10.0,0.0,0.0,0.0,0.0,0.0,1,41
AJ Tye,30,714,1005,48,27,3,208,90,33,684,114.0,8.82,20.94,14.25,29.13,260.0,13.0,198.0,192.0,8.12,282.0,8.0,211.0,204.0,8.29,463.0,27.0,305.0,288.0,9.65,5,18
AK Markram,19,191,275,6,3,1,47,15,15,187,31.1,8.82,45.83,31.17,24.61,59.0,1.0,44.0,42.0,8.43,215.0,5.0,146.0,144.0,8.96,1.0,0.0,1.0,1.0,6.0,2,30
AL Menaria,12,113,144,3,3,0,40,15,4,110,18.2,7.85,48.0,36.67,35.4,55.0,1.0,50.0,48.0,6.88,41.0,2.0,42.0,42.0,5.86,48.0,0.0,21.0,20.0,14.4,2,20
AM Nayar,19,239,323,9,10,0,69,22,13,229,38.1,8.46,35.89,25.44,28.87,10.0,0.0,6.0,6.0,10.0,304.0,8.0,227.0,217.0,8.41,9.0,1.0,6.0,6.0,9.0,3,13
AM Rahane,1,6,5,1,0,0,2,0,0,6,1.0,5.0,5.0,6.0,33.33,0.0,0.0,0.0,0.0,0.0,5.0,1.0,6.0,6.0,5.0,0.0,0.0,0.0,0.0,0.0,1,5
AM Salvi,7,156,205,7,6,0,57,18,7,150,25.0,8.2,29.29,21.43,36.54,79.0,1.0,67.0,66.0,7.18,80.0,4.0,58.0,54.0,8.89,46.0,2.0,31.0,30.0,9.2,2,22
AN Ahmed,17,362,515,15,13,5,120,43,20,344,57.2,8.98,34.33,22.93,33.15,187.0,3.0,143.0,138.0,8.13,151.0,3.0,117.0,114.0,7.95,177.0,9.0,102.0,92.0,11.54,3,32
AP Dole,3,73,114,5,6,1,20,11,4,66,11.0,10.36,22.8,13.2,27.4,62.0,2.0,35.0,30.0,12.4,30.0,2.0,25.0,24.0,7.5,22.0,1.0,13.0,12.0,11.0,2,44
AR Patel,160,3371,4138,137,50,0,1087,260,170,3321,553.3,7.48,30.2,24.24,32.25,803.0,21.0,618.0,612.0,7.87,2783.0,94.0,2374.0,2339.0,7.14,552.0,22.0,379.0,370.0,8.95,4,21
AS Joseph,22,454,707,22,19,1,162,53,43,434,72.2,9.77,32.14,19.73,35.68,182.0,2.0,113.0,108.0,10.11,310.0,7.0,203.0,198.0,9.39,215.0,13.0,138.0,128.0,10.08,6,14
AS Rajpoot,29,567,844,24,28,10,192,89,31,529,88.1,9.57,35.17,22.04,33.86,419.0,9.0,286.0,270.0,9.31,222.0,6.0,171.0,157.0,8.48,203.0,9.0,110.0,102.0,11.94,5,15
AS Raut,5,30,45,0,0,0,6,4,1,30,5.0,9.0,999.0,999.0,20.0,0.0,0.0,0.0,0.0,0.0,32.0,0.0,18.0,18.0,10.67,13.0,0.0,12.0,12.0,6.5,0,7
AS Roy,10,167,218,8,7,0,56,17,10,160,26.4,8.17,27.25,20.0,33.53,90.0,2.0,54.0,54.0,10.0,116.0,5.0,101.0,96.0,7.25,12.0,1.0,12.0,10.0,7.2,2,19
AU Rashid,3,60,91,2,0,0,20,4,7,60,10.0,9.1,45.5,30.0,33.33,0.0,0.0,0.0,0.0,0.0,81.0,2.0,54.0,54.0,9.0,10.0,0.0,6.0,6.0,10.0,2,23
AUK Pathan,3,41,63,0,2,0,9,5,2,39,6.3,9.69,999.0,999.0,21.95,0.0,0.0,0.0,0.0,0.0,35.0,0.0,26.0,24.0,8.75,28.0,0.0,15.0,15.0,11.2,0,19
Abdul Samad,6,57,119,2,1,0,12,6,9,56,9.2,12.75,59.5,28.0,21.05,0.0,0.0,0.0,0.0,0.0,93.0,2.0,48.0,48.0,11.62,26.0,0.0,9.0,8.0,19.5,1,41
Abdur Razzak,1,14,29,0,1,1,5,3,1,12,2.0,14.5,999.0,999.0,35.71,0.0,0.0,0.0,0.0,0.0,29.0,0.0,14.0,12.0,14.5,0.0,0.0,0.0,0.0,0.0,0,29
Abhishek Sharma,32,345,509,11,8,1,91,35,25,336,56.0,9.09,46.27,30.55,26.38,99.0,0.0,68.0,66.0,9.0,357.0,10.0,258.0,252.0,8.5,53.0,1.0,19.0,18.0,17.67,2,24
Akash Deep,14,302,554,11,20,4,89,48,33,278,46.2,11.96,50.36,25.27,29.47,225.0,5.0,134.0,120.0,11.25,212.0,4.0,117.0,114.0,11.16,117.0,2.0,51.0,44.0,15.95,3,45
Akash Madhwal,17,376,598,26,17,7,105,55,25,352,58.4,10.19,23.0,13.54,27.93,105.0,5.0,79.0,78.0,8.08,233.0,10.0,142.0,138.0,10.13,260.0,11.0,155.0,136.0,11.47,6,6
Akash Singh,10,208,326,9,3,0,73,39,13,205,34.1,9.54,36.22,22.78,35.1,223.0,6.0,147.0,145.0,9.23,76.0,2.0,49.0,48.0,9.5,27.0,1.0,12.0,12.0,13.5,2,40
Aman Hakim Khan,1,6,13,0,0,0,1,1,1,6,1.0,13.0,999.0,999.0,16.67,0.0,0.0,0.0,0.0,0.0,13.0,0.0,6.0,6.0,13.0,0.0,0.0,0.0,0.0,0.0,0,13
Anand Rajan,8,162,206,10,12,1,57,17,8,149,24.5,8.3,20.6,14.9,35.19,47.0,0.0,46.0,42.0,6.71,79.0,3.0,72.0,66.0,7.18,80.0,7.0,44.0,41.0,11.71,4,27
Ankit Sharma,21,375,453,12,8,0,137,28,18,367,61.1,7.41,37.75,30.58,36.53,152.0,6.0,146.0,144.0,6.33,252.0,6.0,203.0,198.0,7.64,49.0,0.0,26.0,25.0,11.76,2,21
Ankit Soni,6,112,145,4,3,0,37,8,7,109,18.1,7.98,36.25,27.25,33.04,3.0,1.0,6.0,6.0,3.0,138.0,3.0,105.0,102.0,8.12,4.0,0.0,1.0,1.0,24.0,2,28
Anureet Singh,22,430,636,21,11,7,139,65,22,412,68.4,9.26,30.29,19.62,32.33,199.0,7.0,166.0,162.0,7.37,194.0,4.0,127.0,120.0,9.7,243.0,10.0,137.0,130.0,11.22,3,23
Arjun Tendulkar,5,83,117,4,9,1,30,10,5,73,12.1,9.62,29.25,18.25,36.14,57.0,1.0,60.0,54.0,6.33,24.0,1.0,9.0,8.0,18.0,36.0,2.0,14.0,11.0,19.64,2,20
Arshad Khan,18,289,502,12,28,1,90,56,24,260,43.2,11.58,41.83,21.67,31.14,326.0,7.0,206.0,186.0,10.52,32.0,2.0,20.0,18.0,10.67,144.0,3.0,63.0,56.0,15.43,3,40
Arshad Khan (2),1,13,25,0,1,0,4,5,0,12,2.0,12.5,999.0,999.0,30.77,0.0,0.0,0.0,0.0,0.0,25.0,0.0,13.0,12.0,12.5,0.0,0.0,0.0,0.0,0.0,0,25
Arshdeep Singh,81,1820,2624,106,101,5,606,279,80,1714,285.4,9.19,24.75,16.17,33.3,1225.0,37.0,881.0,828.0,8.88,421.0,14.0,304.0,288.0,8.77,978.0,55.0,635.0,598.0,9.81,5,33
Ashwani Kumar,7,132,234,11,7,2,35,18,15,123,20.3,11.41,21.27,11.18,26.52,61.0,3.0,31.0,30.0,12.2,78.0,4.0,57.0,54.0,8.67,95.0,4.0,44.0,39.0,14.62,4,25
Atharva Taide,1,1,4,0,0,0,0,1,0,1,0.1,24.0,999.0,999.0,0.0,0.0,0.0,0.0,0.0,0.0,0.0,0.0,0.0,0.0,0.0,4.0,0.0,1.0,1.0,24.0,0,4
Avesh Khan,75,1684,2497,94,61,4,568,249,100,1619,269.5,9.25,26.56,17.22,33.73,914.0,22.0,597.0,581.0,9.44,579.0,24.0,443.0,426.0,8.15,1004.0,48.0,644.0,612.0,9.84,4,24
Azhar Mahmood,23,552,707,31,10,5,199,73,18,537,89.3,7.9,22.81,17.32,36.05,163.0,6.0,148.0,144.0,6.79,205.0,7.0,190.0,186.0,6.61,339.0,18.0,214.0,207.0,9.83,3,26
Azmatullah Omarzai,15,300,476,12,12,0,95,51,18,288,48.0,9.92,39.67,24.0,31.67,266.0,3.0,168.0,162.0,9.85,114.0,6.0,84.0,78.0,8.77,96.0,3.0,48.0,48.0,12.0,2,27
B Akhil,13,193,246,7,4,1,60,18,9,188,31.2,7.85,35.14,26.86,31.09,12.0,0.0,6.0,6.0,12.0,141.0,5.0,136.0,132.0,6.41,93.0,2.0,51.0,50.0,11.16,2,19
B Chipli,1,6,20,0,0,0,1,1,2,6,1.0,20.0,999.0,999.0,16.67,0.0,0.0,0.0,0.0,0.0,20.0,0.0,6.0,6.0,20.0,0.0,0.0,0.0,0.0,0.0,0,20
B Geeves,2,49,91,2,1,0,15,17,1,48,8.0,11.38,45.5,24.0,30.61,50.0,1.0,25.0,24.0,12.5,31.0,1.0,18.0,18.0,10.33,10.0,0.0,6.0,6.0,10.0,1,41
B Kumar,190,4378,5541,213,144,12,1748,558,170,4222,703.4,7.87,26.01,19.82,39.93,2614.0,85.0,2411.0,2339.0,6.71,601.0,11.0,432.0,422.0,8.55,2326.0,117.0,1535.0,1461.0,9.55,6,31
B Laughlin,9,179,284,10,10,1,42,26,10,168,28.0,10.14,28.4,16.8,23.46,61.0,3.0,37.0,36.0,10.17,83.0,2.0,64.0,61.0,8.16,140.0,5.0,78.0,71.0,11.83,2,21
B Lee,38,916,1126,30,28,13,374,123,25,875,145.5,7.72,37.53,29.17,40.83,580.0,12.0,506.0,486.0,7.16,81.0,4.0,82.0,78.0,6.23,465.0,14.0,328.0,311.0,8.97,3,16
B Stanlake,6,150,200,7,6,0,64,19,9,144,24.0,8.33,28.57,20.57,42.67,111.0,2.0,89.0,84.0,7.93,78.0,5.0,55.0,54.0,8.67,11.0,0.0,6.0,6.0,11.0,2,29
BA Bhatt,15,303,408,13,6,1,93,35,13,296,49.2,8.27,31.38,22.77,30.69,116.0,4.0,97.0,96.0,7.25,194.0,7.0,141.0,137.0,8.5,98.0,2.0,65.0,63.0,9.33,4,22
BA Stokes,38,723,1023,31,30,4,228,99,33,689,114.5,8.91,33.0,22.23,31.54,290.0,9.0,191.0,186.0,9.35,388.0,6.0,314.0,299.0,7.79,345.0,16.0,218.0,204.0,10.15,3,20
BAW Mendis,10,248,306,9,3,1,76,17,12,244,40.4,7.52,34.0,27.11,30.65,67.0,2.0,59.0,58.0,6.93,161.0,4.0,135.0,132.0,7.32,78.0,3.0,54.0,54.0,8.67,2,38
BB Sran,24,516,767,20,30,3,168,73,29,483,80.3,9.53,38.35,24.15,32.56,357.0,6.0,242.0,228.0,9.39,269.0,7.0,178.0,168.0,9.61,141.0,7.0,96.0,87.0,9.72,3,29
BCJ Cutting,17,288,430,12,7,0,77,44,15,281,46.5,9.18,35.83,23.42,26.74,68.0,0.0,44.0,42.0,9.71,215.0,9.0,166.0,163.0,7.91,147.0,3.0,78.0,76.0,11.61,2,31
BE Hendricks,7,157,239,11,6,1,52,24,7,150,25.0,9.56,21.73,13.64,33.12,108.0,1.0,64.0,60.0,10.8,51.0,2.0,37.0,36.0,8.5,80.0,8.0,56.0,54.0,8.89,3,37
BJ Hodge,20,238,310,18,4,0,75,17,14,234,39.0,7.95,17.22,13.0,31.51,56.0,0.0,37.0,36.0,9.33,231.0,15.0,183.0,180.0,7.7,23.0,3.0,18.0,18.0,7.67,5,13
BJ Rohrer,1,7,12,0,1,0,1,2,0,6,1.0,12.0,999.0,999.0,14.29,0.0,0.0,0.0,0.0,0.0,12.0,0.0,7.0,6.0,12.0,0.0,0.0,0.0,0.0,0.0,0,12
BMAJ Mendis,2,30,36,1,0,0,11,2,2,30,5.0,7.2,36.0,30.0,36.67,0.0,0.0,0.0,0.0,0.0,36.0,1.0,30.0,30.0,7.2,0.0,0.0,0.0,0.0,0.0,1,16
BW Hilfenhaus,17,390,497,23,15,3,173,48,21,372,62.0,8.02,21.61,16.17,44.36,260.0,13.0,252.0,240.0,6.5,54.0,3.0,37.0,36.0,9.0,183.0,7.0,101.0,96.0,11.44,3,27
Basil Thampi,25,539,862,26,17,1,152,75,41,521,86.5,9.93,33.15,20.04,28.2,257.0,2.0,167.0,162.0,9.52,269.0,8.0,192.0,186.0,8.68,336.0,16.0,180.0,173.0,11.65,4,29
Bipul Sharma,28,436,581,22,10,0,131,28,31,426,71.0,8.18,26.41,19.36,30.05,77.0,5.0,75.0,74.0,6.24,418.0,16.0,325.0,318.0,7.89,86.0,1.0,36.0,34.0,15.18,2,26
C Bosch,2,45,56,1,3,0,23,4,4,42,7.0,8.0,56.0,42.0,51.11,11.0,0.0,6.0,6.0,11.0,36.0,0.0,25.0,24.0,9.0,9.0,1.0,14.0,12.0,4.5,1,26
C Ganapathy,1,6,13,0,0,0,1,1,1,6,1.0,13.0,999.0,999.0,16.67,0.0,0.0,0.0,0.0,0.0,13.0,0.0,6.0,6.0,13.0,0.0,0.0,0.0,0.0,0.0,0,13
C Green,29,462,675,20,22,1,149,58,31,439,73.1,9.23,33.75,21.95,32.25,143.0,3.0,104.0,96.0,8.94,338.0,12.0,257.0,246.0,8.24,194.0,5.0,101.0,97.0,12.0,2,41
C Munro,2,12,15,0,0,0,5,1,1,12,2.0,7.5,999.0,999.0,41.67,0.0,0.0,0.0,0.0,0.0,15.0,0.0,12.0,12.0,7.5,0.0,0.0,0.0,0.0,0.0,0,7
C Nanda,3,50,58,2,2,0,13,1,2,48,8.0,7.25,29.0,24.0,26.0,0.0,0.0,0.0,0.0,0.0,50.0,2.0,43.0,42.0,7.14,8.0,0.0,7.0,6.0,8.0,1,32
C Sakariya,20,479,649,20,30,5,146,53,23,444,74.0,8.77,32.45,22.2,30.48,227.0,6.0,206.0,198.0,6.88,185.0,6.0,128.0,120.0,9.25,237.0,8.0,145.0,126.0,11.29,3,31
C de Grandhomme,19,230,323,7,12,2,58,22,13,216,36.0,8.97,46.14,30.86,25.22,13.0,0.0,14.0,12.0,6.5,280.0,7.0,202.0,190.0,8.84,30.0,0.0,14.0,14.0,12.86,3,4
CH Gayle,38,584,755,19,27,3,180,49,27,554,92.2,8.18,39.74,29.16,30.82,169.0,3.0,128.0,120.0,8.45,352.0,7.0,295.0,282.0,7.49,234.0,9.0,161.0,152.0,9.24,3,21
CH Morris,81,1801,2377,107,70,5,668,222,79,1726,287.4,8.26,22.21,16.13,37.09,900.0,25.0,717.0,684.0,7.89,518.0,18.0,412.0,396.0,7.85,959.0,64.0,672.0,646.0,8.91,5,23
CJ Anderson,22,315,525,14,18,0,79,52,23,297,49.3,10.61,37.5,21.21,25.08,121.0,2.0,74.0,71.0,10.23,203.0,5.0,142.0,138.0,8.83,201.0,7.0,99.0,88.0,13.7,3,47
CJ Dala,1,19,34,0,1,0,7,3,2,18,3.0,11.33,999.0,999.0,36.84,17.0,0.0,7.0,6.0,17.0,17.0,0.0,12.0,12.0,8.5,0.0,0.0,0.0,0.0,0.0,0,34
CJ Green,1,17,24,0,0,0,6,4,0,17,2.5,8.47,999.0,999.0,35.29,16.0,0.0,12.0,12.0,8.0,0.0,0.0,0.0,0.0,0.0,8.0,0.0,5.0,5.0,9.6,0,24
CJ Jordan,34,717,1111,36,38,5,206,96,46,674,112.2,9.89,30.86,18.72,28.73,243.0,6.0,159.0,150.0,9.72,326.0,12.0,262.0,246.0,7.95,542.0,18.0,296.0,278.0,11.7,4,12
CJ McKay,2,42,60,1,0,0,14,8,1,42,7.0,8.57,60.0,42.0,33.33,26.0,0.0,12.0,12.0,13.0,14.0,1.0,18.0,18.0,4.67,20.0,0.0,12.0,12.0,10.0,1,36
CK Kapugedera,3,17,49,0,0,0,0,5,3,17,2.5,17.29,999.0,999.0,0.0,0.0,0.0,0.0,0.0,0.0,34.0,0.0,11.0,11.0,18.55,15.0,0.0,6.0,6.0,15.0,0,15
CK Langeveldt,7,165,199,13,8,1,69,17,8,156,26.0,7.65,15.31,12.0,41.82,99.0,6.0,90.0,84.0,7.07,37.0,3.0,26.0,24.0,9.25,63.0,4.0,49.0,48.0,7.88,3,15
CL White,6,46,86,1,4,0,8,5,6,42,7.0,12.29,86.0,42.0,17.39,0.0,0.0,0.0,0.0,0.0,86.0,1.0,46.0,42.0,12.29,0.0,0.0,0.0,0.0,0.0,1,14
CR Brathwaite,16,266,384,16,9,3,74,37,12,254,42.2,9.07,24.0,15.88,27.82,30.0,1.0,24.0,24.0,7.5,259.0,8.0,185.0,174.0,8.93,95.0,7.0,57.0,56.0,10.18,3,47
CR Woakes,21,463,674,31,22,1,161,68,28,440,73.2,9.19,21.74,14.19,34.77,249.0,6.0,169.0,162.0,9.22,135.0,9.0,125.0,120.0,6.75,290.0,16.0,169.0,158.0,11.01,3,6
CRD Fernando,10,249,306,19,11,4,99,30,9,234,39.0,7.85,16.11,12.32,39.76,90.0,7.0,82.0,78.0,6.92,84.0,5.0,77.0,72.0,7.0,132.0,7.0,90.0,84.0,9.43,5,18
CV Varun,83,1932,2432,102,36,8,696,164,110,1888,314.4,7.73,23.84,18.51,36.02,478.0,15.0,382.0,372.0,7.71,1521.0,68.0,1241.0,1212.0,7.53,433.0,19.0,309.0,304.0,8.55,5,20
D Brevis,1,3,8,1,0,0,1,2,0,3,0.3,16.0,8.0,3.0,33.33,0.0,0.0,0.0,0.0,0.0,0.0,0.0,0.0,0.0,0.0,8.0,1.0,3.0,3.0,16.0,1,8
D Jansen,1,28,53,1,4,0,6,3,4,24,4.0,13.25,53.0,24.0,21.43,16.0,0.0,7.0,6.0,16.0,13.0,0.0,6.0,6.0,13.0,24.0,1.0,15.0,12.0,12.0,1,53
D Kalyankrishna,3,50,88,2,2,0,10,8,4,48,8.0,11.0,44.0,24.0,20.0,0.0,0.0,0.0,0.0,0.0,71.0,2.0,44.0,42.0,10.14,17.0,0.0,6.0,6.0,17.0,1,30
D Pretorius,7,166,242,7,16,0,42,14,11,150,25.0,9.68,34.57,21.43,25.3,0.0,0.0,0.0,0.0,0.0,93.0,4.0,85.0,78.0,7.15,149.0,3.0,81.0,72.0,12.42,2,32
D Salunkhe,5,51,80,1,3,1,13,6,3,47,7.5,10.21,80.0,47.0,25.49,0.0,0.0,0.0,0.0,0.0,73.0,1.0,45.0,41.0,10.68,7.0,0.0,6.0,6.0,7.0,1,22
D Wiese,15,307,447,17,10,1,82,47,11,296,49.2,9.06,26.29,17.41,26.71,87.0,6.0,75.0,72.0,7.25,252.0,3.0,167.0,162.0,9.33,108.0,8.0,65.0,62.0,10.45,4,36
D du Preez,2,43,56,4,0,1,18,6,1,42,7.0,8.0,14.0,10.5,41.86,12.0,3.0,18.0,18.0,4.0,28.0,1.0,18.0,18.0,9.33,16.0,0.0,7.0,6.0,16.0,3,32
DA Warner,1,2,2,0,1,0,0,0,0,1,0.1,12.0,999.0,999.0,0.0,0.0,0.0,0.0,0.0,0.0,2.0,0.0,2.0,1.0,12.0,0.0,0.0,0.0,0.0,0.0,0,2
DAJ Bracewell,1,25,32,3,1,0,10,2,2,24,4.0,8.0,10.67,8.0,40.0,7.0,0.0,6.0,6.0,7.0,15.0,1.0,13.0,12.0,7.5,10.0,2.0,6.0,6.0,10.0,3,32
DB Ravi Teja,2,18,28,1,0,0,4,1,2,18,3.0,9.33,28.0,18.0,22.22,0.0,0.0,0.0,0.0,0.0,28.0,1.0,18.0,18.0,9.33,0.0,0.0,0.0,0.0,0.0,1,19
DE Bollinger,27,600,716,43,22,2,254,73,19,576,96.0,7.46,16.65,13.4,42.33,404.0,11.0,339.0,324.0,7.48,15.0,4.0,19.0,18.0,5.0,297.0,28.0,242.0,234.0,7.62,4,14
DG Nalkande,6,89,150,6,4,1,22,10,8,84,14.0,10.71,25.0,14.0,24.72,22.0,0.0,13.0,12.0,11.0,97.0,5.0,56.0,54.0,10.78,31.0,1.0,20.0,18.0,10.33,2,37
DJ Bravo,158,3296,4436,207,167,9,998,349,155,3120,520.0,8.53,21.43,15.07,30.28,304.0,13.0,243.0,228.0,8.0,1934.0,64.0,1590.0,1507.0,7.7,2198.0,130.0,1463.0,1385.0,9.52,4,42
DJ Harris,2,18,26,0,0,0,4,2,1,18,3.0,8.67,999.0,999.0,22.22,0.0,0.0,0.0,0.0,0.0,16.0,0.0,12.0,12.0,8.0,10.0,0.0,6.0,6.0,10.0,0,11
DJ Hooda,34,391,550,10,12,0,102,40,23,379,63.1,8.71,55.0,37.9,26.09,96.0,2.0,74.0,72.0,8.0,359.0,7.0,274.0,264.0,8.16,95.0,1.0,43.0,43.0,13.26,2,16
DJ Hussey,26,323,485,10,6,0,86,30,25,317,52.5,9.18,48.5,31.7,26.63,58.0,0.0,37.0,36.0,9.67,310.0,8.0,230.0,228.0,8.16,117.0,2.0,56.0,53.0,13.25,2,27
DJ Mitchell,4,51,97,1,3,0,5,9,4,48,8.0,12.12,97.0,48.0,9.8,0.0,0.0,0.0,0.0,0.0,97.0,1.0,51.0,48.0,12.12,0.0,0.0,0.0,0.0,0.0,1,18
DJ Muthuswami,6,84,108,4,0,0,44,14,3,84,14.0,7.71,27.0,21.0,52.38,99.0,3.0,72.0,72.0,8.25,8.0,0.0,6.0,6.0,8.0,1.0,1.0,6.0,6.0,1.0,2,18
DJ Thornely,4,44,40,3,2,0,19,5,0,42,7.0,5.71,13.33,14.0,43.18,0.0,0.0,0.0,0.0,0.0,40.0,3.0,44.0,42.0,5.71,0.0,0.0,0.0,0.0,0.0,2,7
DJ Willey,11,221,277,7,5,0,79,28,8,216,36.0,7.69,39.57,30.86,35.75,155.0,3.0,139.0,138.0,6.74,58.0,2.0,42.0,42.0,8.29,64.0,2.0,40.0,36.0,10.67,2,16
DJG Sammy,19,244,354,14,6,2,72,33,12,236,39.2,9.0,25.29,16.86,29.51,34.0,1.0,25.0,24.0,8.5,208.0,9.0,165.0,162.0,7.7,112.0,4.0,54.0,50.0,13.44,6,23
DJM Short,2,18,23,1,0,0,7,1,1,18,3.0,7.67,23.0,18.0,38.89,0.0,0.0,0.0,0.0,0.0,23.0,1.0,18.0,18.0,7.67,0.0,0.0,0.0,0.0,0.0,1,10
DL Chahar,95,2009,2621,91,87,7,814,299,77,1915,319.1,8.21,28.8,21.04,40.52,2020.0,68.0,1570.0,1503.0,8.06,319.0,8.0,259.0,240.0,7.98,282.0,15.0,180.0,172.0,9.84,5,13
DL Vettori,34,785,894,34,8,0,270,67,24,777,129.3,6.9,26.29,22.85,34.39,98.0,2.0,91.0,90.0,6.53,573.0,23.0,528.0,522.0,6.59,223.0,9.0,166.0,165.0,8.11,5,15
DNT Zoysa,3,69,100,2,1,2,24,12,3,66,11.0,9.09,50.0,33.0,34.78,45.0,0.0,37.0,36.0,7.5,21.0,1.0,12.0,12.0,10.5,34.0,1.0,20.0,18.0,11.33,1,30
DP Nannes,29,689,815,38,39,4,285,89,15,646,107.4,7.57,21.45,17.0,41.36,377.0,17.0,368.0,342.0,6.61,125.0,0.0,103.0,96.0,7.81,313.0,21.0,218.0,208.0,9.03,4,27
DP Vijaykumar,9,159,205,4,5,2,63,23,5,152,25.2,8.09,51.25,38.0,39.62,126.0,3.0,104.0,102.0,7.41,24.0,0.0,24.0,24.0,6.0,55.0,1.0,31.0,26.0,12.69,1,18
DR Sams,16,389,528,15,27,2,142,41,25,360,60.0,8.8,35.2,24.0,36.5,214.0,8.0,192.0,180.0,7.13,163.0,5.0,127.0,114.0,8.58,151.0,2.0,70.0,66.0,13.73,4,30
DR Smith,46,557,825,27,14,4,168,75,33,539,89.5,9.18,30.56,19.96,30.16,123.0,5.0,67.0,66.0,11.18,544.0,15.0,415.0,402.0,8.12,158.0,7.0,75.0,71.0,13.35,4,8
DS Kulkarni,92,1876,2513,91,82,7,742,272,81,1787,297.5,8.44,27.62,19.64,39.55,1291.0,46.0,1044.0,1018.0,7.61,626.0,21.0,451.0,425.0,8.84,596.0,24.0,381.0,344.0,10.4,4,15
DS Rathi,13,321,435,14,7,2,95,37,14,312,52.0,8.37,31.07,22.29,29.6,128.0,2.0,94.0,90.0,8.53,209.0,8.0,164.0,162.0,7.74,98.0,4.0,63.0,60.0,9.8,2,31
DT Christian,49,922,1218,40,36,3,296,103,39,883,147.1,8.28,30.45,22.08,32.1,256.0,8.0,194.0,180.0,8.53,582.0,19.0,509.0,492.0,7.1,380.0,13.0,219.0,211.0,10.81,2,38
DW Steyn,95,2282,2583,105,93,7,1019,284,55,2182,363.4,7.1,24.6,20.78,44.65,1229.0,36.0,1195.0,1140.0,6.47,459.0,14.0,425.0,408.0,6.75,895.0,55.0,662.0,634.0,8.47,3,20
E Malinga,7,165,244,14,5,0,53,24,10,160,26.4,9.15,17.43,11.43,32.12,55.0,0.0,24.0,24.0,13.75,100.0,6.0,82.0,78.0,7.69,89.0,8.0,59.0,58.0,9.21,3,41
F du Plessis,1,6,16,0,0,0,0,0,2,6,1.0,16.0,999.0,999.0,0.0,0.0,0.0,0.0,0.0,0.0,0.0,0.0,0.0,0.0,0.0,16.0,0.0,6.0,6.0,16.0,0,16
FA Allen,4,91,136,2,1,0,26,11,7,90,15.0,9.07,68.0,45.0,28.57,32.0,1.0,19.0,18.0,10.67,104.0,1.0,72.0,72.0,8.67,0.0,0.0,0.0,0.0,0.0,1,22
FH Edwards,6,150,160,6,9,1,70,20,2,140,23.2,6.86,26.67,23.33,46.67,61.0,4.0,82.0,78.0,4.69,14.0,0.0,12.0,12.0,7.0,85.0,2.0,56.0,50.0,10.2,2,27
FY Fazal,2,12,20,1,0,0,1,1,1,12,2.0,10.0,20.0,12.0,8.33,0.0,0.0,0.0,0.0,0.0,0.0,0.0,0.0,0.0,0.0,20.0,1.0,12.0,12.0,10.0,1,6
Fazalhaq Farooqi,12,266,440,6,12,0,80,55,12,254,42.2,10.39,73.33,42.33,30.08,197.0,3.0,138.0,132.0,8.95,119.0,2.0,76.0,72.0,9.92,124.0,1.0,52.0,50.0,14.88,2,32
G Coetzee,14,292,490,15,18,1,90,41,26,273,45.3,10.77,32.67,18.2,30.82,120.0,3.0,73.0,66.0,10.91,187.0,5.0,113.0,108.0,10.39,183.0,7.0,106.0,99.0,11.09,4,35
GB Hogg,21,466,585,25,7,1,159,40,21,458,76.2,7.66,23.4,18.32,34.12,54.0,5.0,49.0,48.0,6.75,410.0,13.0,324.0,318.0,7.74,121.0,7.0,93.0,92.0,7.89,4,30
GC Viljoen,6,146,229,8,8,0,43,25,6,138,23.0,9.96,28.62,17.25,29.45,55.0,3.0,37.0,36.0,9.17,82.0,3.0,64.0,60.0,8.2,92.0,2.0,45.0,42.0,13.14,3,39
GD McGrath,14,329,366,14,4,1,153,41,10,324,54.0,6.78,26.14,23.14,46.5,218.0,9.0,226.0,222.0,5.89,28.0,2.0,24.0,24.0,7.0,120.0,3.0,79.0,78.0,9.23,4,29
GD Phillips,4,31,40,2,1,0,10,4,1,30,5.0,8.0,20.0,15.0,32.26,4.0,1.0,6.0,6.0,4.0,36.0,1.0,25.0,24.0,9.0,0.0,0.0,0.0,0.0,0.0,1,17
GH Vihari,6,43,48,1,1,0,17,5,1,42,7.0,6.86,48.0,42.0,39.53,34.0,1.0,24.0,24.0,8.5,14.0,0.0,19.0,18.0,4.67,0.0,0.0,0.0,0.0,0.0,1,5
GHS Garton,5,97,136,3,5,2,31,11,6,90,15.0,9.07,45.33,30.0,31.96,108.0,1.0,66.0,60.0,10.8,11.0,1.0,13.0,12.0,5.5,17.0,1.0,18.0,18.0,5.67,1,27
GJ Maxwell,85,1047,1422,45,25,0,328,79,80,1022,170.2,8.35,31.6,22.71,31.33,379.0,12.0,268.0,258.0,8.81,948.0,30.0,715.0,702.0,8.1,95.0,3.0,64.0,62.0,9.19,2,10
GR Napier,1,24,28,1,0,0,8,2,1,24,4.0,7.0,28.0,24.0,33.33,3.0,0.0,6.0,6.0,3.0,25.0,1.0,18.0,18.0,8.33,0.0,0.0,0.0,0.0,0.0,1,28
GS Sandhu,2,48,86,1,0,0,9,8,2,48,8.0,10.75,86.0,48.0,18.75,7.0,0.0,6.0,6.0,7.0,29.0,0.0,18.0,18.0,9.67,50.0,1.0,24.0,24.0,12.5,1,37
Gagandeep Singh,4,84,142,3,0,0,25,14,6,84,14.0,10.14,47.33,28.0,29.76,7.0,0.0,6.0,6.0,7.0,71.0,2.0,54.0,54.0,7.89,64.0,1.0,24.0,24.0,16.0,1,37
Gulbadin Naib,1,6,12,0,0,0,1,2,0,6,1.0,12.0,999.0,999.0,16.67,0.0,0.0,0.0,0.0,0.0,12.0,0.0,6.0,6.0,12.0,0.0,0.0,0.0,0.0,0.0,0,12
Gurkeerat Singh,6,82,97,5,4,0,26,6,3,78,13.0,7.46,19.4,15.6,31.71,19.0,0.0,12.0,12.0,9.5,78.0,5.0,70.0,66.0,7.09,0.0,0.0,0.0,0.0,0.0,2,17
Gurnoor Brar,1,21,42,0,1,2,7,4,3,18,3.0,14.0,999.0,999.0,33.33,18.0,0.0,13.0,12.0,9.0,24.0,0.0,8.0,6.0,24.0,0.0,0.0,0.0,0.0,0.0,0,42
H Sharma,2,30,62,0,0,0,2,6,2,30,5.0,12.4,999.0,999.0,6.67,0.0,0.0,0.0,0.0,0.0,62.0,0.0,30.0,30.0,12.4,0.0,0.0,0.0,0.0,0.0,0,33
HF Gurney,8,169,239,7,6,1,50,23,7,162,27.0,8.85,34.14,23.14,29.59,66.0,2.0,70.0,66.0,6.0,62.0,1.0,43.0,42.0,8.86,111.0,4.0,56.0,54.0,12.33,2,25
HH Pandya,107,1714,2541,84,78,8,545,222,114,1628,271.2,9.36,30.25,19.38,31.8,601.0,13.0,395.0,384.0,9.39,1334.0,37.0,993.0,940.0,8.51,606.0,34.0,326.0,304.0,11.96,5,36
HR Shokeen,13,213,320,5,7,2,78,20,20,204,34.0,9.41,64.0,40.8,36.62,67.0,2.0,55.0,54.0,7.44,229.0,2.0,152.0,144.0,9.54,24.0,1.0,6.0,6.0,24.0,2,48
HV Patel,116,2570,3649,168,125,21,792,308,142,2424,404.0,9.03,21.72,14.43,30.82,595.0,15.0,407.0,384.0,9.3,1620.0,60.0,1253.0,1200.0,8.1,1434.0,93.0,910.0,840.0,10.24,6,27
Harbhajan Singh,160,3496,4101,161,76,4,1263,296,145,3416,569.2,7.2,25.47,21.22,36.13,928.0,32.0,788.0,773.0,7.2,2791.0,101.0,2426.0,2370.0,7.07,382.0,28.0,282.0,273.0,8.4,5,18
Harmeet Singh,28,574,747,31,21,4,201,69,22,549,91.3,8.16,24.1,17.71,35.02,147.0,6.0,103.0,96.0,9.19,422.0,12.0,336.0,324.0,7.81,178.0,13.0,135.0,129.0,8.28,3,25
Harpreet Brar,46,826,1097,35,14,1,269,75,48,811,135.1,8.12,31.34,23.17,32.57,234.0,2.0,140.0,138.0,10.17,764.0,30.0,629.0,618.0,7.42,99.0,3.0,57.0,55.0,10.8,4,30
Harsh Dubey,3,61,98,5,1,0,18,4,8,60,10.0,9.8,19.6,12.0,29.51,25.0,0.0,13.0,12.0,12.5,73.0,5.0,48.0,48.0,9.12,0.0,0.0,0.0,0.0,0.0,3,34
Harshit Rana,32,679,1047,42,26,4,247,99,56,649,108.1,9.68,24.93,15.45,36.38,481.0,17.0,308.0,294.0,9.82,309.0,11.0,205.0,198.0,9.36,257.0,14.0,166.0,157.0,9.82,3,33
I Malhotra,1,6,23,0,0,0,0,2,2,6,1.0,23.0,999.0,999.0,0.0,0.0,0.0,0.0,0.0,0.0,23.0,0.0,6.0,6.0,23.0,0.0,0.0,0.0,0.0,0.0,0,23
I Sharma,117,2546,3465,100,104,23,999,391,102,2419,403.1,8.59,34.65,24.19,39.24,1942.0,60.0,1591.0,1521.0,7.66,652.0,17.0,456.0,432.0,9.06,871.0,23.0,499.0,466.0,11.21,5,13
I Udana,10,182,286,8,8,0,45,26,11,174,29.0,9.86,35.75,21.75,24.73,104.0,2.0,57.0,54.0,11.56,87.0,3.0,62.0,60.0,8.7,95.0,3.0,63.0,60.0,9.5,2,41
IC Pandey,24,469,609,19,5,2,212,77,17,462,77.0,7.91,32.05,24.32,45.2,312.0,12.0,269.0,264.0,7.09,230.0,5.0,162.0,162.0,8.52,67.0,2.0,38.0,36.0,11.17,2,23
IC Porel,1,26,42,1,2,0,7,6,1,24,4.0,10.5,42.0,24.0,26.92,26.0,0.0,13.0,12.0,13.0,16.0,1.0,13.0,12.0,8.0,0.0,0.0,0.0,0.0,0.0,1,42
IK Pathan,101,2113,2711,99,69,1,835,293,82,2043,340.3,7.96,27.38,20.64,39.52,1104.0,32.0,958.0,918.0,7.22,831.0,26.0,650.0,636.0,7.84,776.0,41.0,505.0,489.0,9.52,3,27
IS Sodhi,8,182,204,9,1,0,64,9,8,181,30.1,6.76,22.67,20.11,35.16,17.0,2.0,12.0,12.0,8.5,179.0,7.0,163.0,162.0,6.63,8.0,0.0,7.0,7.0,6.86,3,26
Imran Tahir,59,1340,1729,86,23,1,437,97,83,1316,219.2,7.88,20.1,15.3,32.61,85.0,3.0,55.0,54.0,9.44,1151.0,57.0,959.0,941.0,7.34,493.0,26.0,326.0,321.0,9.21,4,37
Iqbal Abdulla,48,943,1125,45,23,0,331,88,37,920,153.2,7.34,25.0,20.44,35.1,293.0,15.0,280.0,276.0,6.37,658.0,23.0,539.0,525.0,7.52,174.0,7.0,124.0,119.0,8.77,3,25
Ishan Kishan,1,1,4,0,0,0,0,1,0,1,0.1,24.0,999.0,999.0,0.0,0.0,0.0,0.0,0.0,0.0,0.0,0.0,0.0,0.0,0.0,4.0,0.0,1.0,1.0,24.0,0,4
J Botha,34,709,818,27,15,0,254,60,24,694,115.4,7.07,30.3,25.7,35.83,255.0,4.0,196.0,192.0,7.97,425.0,14.0,405.0,396.0,6.44,138.0,9.0,108.0,106.0,7.81,3,19
J Little,11,236,341,13,8,0,82,30,16,228,38.0,8.97,26.23,17.54,34.75,122.0,3.0,80.0,78.0,9.38,129.0,8.0,99.0,96.0,8.06,90.0,2.0,57.0,54.0,10.0,4,45
J Overton,3,41,84,0,5,0,9,3,8,36,6.0,14.0,999.0,999.0,21.95,59.0,0.0,29.0,24.0,14.75,25.0,0.0,12.0,12.0,12.5,0.0,0.0,0.0,0.0,0.0,0,30
J Suchith,21,434,604,20,14,0,140,47,26,420,70.0,8.63,30.2,21.0,32.26,104.0,3.0,75.0,72.0,8.67,473.0,16.0,347.0,336.0,8.45,27.0,1.0,12.0,12.0,13.5,2,14
J Syed Mohammad,11,196,286,10,4,0,47,18,12,192,32.0,8.94,28.6,19.2,23.98,14.0,1.0,18.0,18.0,4.67,239.0,8.0,160.0,156.0,9.19,33.0,1.0,18.0,18.0,11.0,2,26
J Theron,10,235,311,13,12,2,68,28,9,221,36.5,8.44,23.92,17.0,28.94,102.0,3.0,69.0,65.0,9.42,57.0,4.0,59.0,54.0,6.33,152.0,6.0,107.0,102.0,8.94,5,28
J Yadav,20,398,447,9,6,2,153,31,15,390,65.0,6.88,49.67,43.33,38.44,205.0,4.0,165.0,162.0,7.59,220.0,4.0,214.0,210.0,6.29,22.0,1.0,19.0,18.0,7.33,2,31
JA Morkel,87,1807,2409,96,71,13,646,264,56,1723,287.1,8.39,25.09,17.95,35.75,1300.0,35.0,947.0,900.0,8.67,597.0,22.0,522.0,498.0,7.19,512.0,39.0,338.0,325.0,9.45,4,32
JA Richardson,4,94,162,3,4,0,30,12,10,90,15.0,10.8,54.0,30.0,31.91,54.0,0.0,31.0,30.0,10.8,69.0,2.0,43.0,42.0,9.86,39.0,1.0,20.0,18.0,13.0,2,41
JC Archer,52,1279,1655,61,51,10,523,141,73,1218,203.0,8.15,27.13,19.97,40.89,602.0,23.0,571.0,546.0,6.62,268.0,12.0,231.0,216.0,7.44,785.0,26.0,477.0,456.0,10.33,3,23
JD Ryder,16,241,314,11,5,0,79,21,13,236,39.2,7.98,28.55,21.45,32.78,7.0,0.0,6.0,6.0,7.0,251.0,9.0,209.0,204.0,7.38,56.0,2.0,26.0,26.0,12.92,3,14
JD Unadkat,111,2340,3396,121,65,1,736,281,150,2274,379.0,8.96,28.07,18.79,31.45,1048.0,28.0,827.0,810.0,7.76,1161.0,31.0,840.0,822.0,8.47,1187.0,62.0,673.0,642.0,11.09,5,25
JDP Oram,14,244,362,13,6,1,79,34,14,237,39.3,9.16,27.85,18.23,32.38,173.0,4.0,113.0,108.0,9.61,78.0,1.0,55.0,54.0,8.67,111.0,8.0,76.0,75.0,8.88,3,32
JDS Neesham,13,222,342,8,6,0,63,32,14,216,36.0,9.5,42.75,27.0,28.38,67.0,1.0,37.0,36.0,11.17,235.0,7.0,173.0,168.0,8.39,40.0,0.0,12.0,12.0,20.0,3,12
JE Root,1,12,15,0,0,0,1,1,0,12,2.0,7.5,999.0,999.0,8.33,0.0,0.0,0.0,0.0,0.0,15.0,0.0,12.0,12.0,7.5,0.0,0.0,0.0,0.0,0.0,0,15
JE Taylor,5,122,167,6,4,1,48,10,9,117,19.3,8.56,27.83,19.5,39.34,51.0,0.0,51.0,48.0,6.38,20.0,0.0,18.0,18.0,6.67,96.0,6.0,53.0,51.0,11.29,3,31
JEC Franklin,15,155,225,9,2,2,39,21,6,151,25.1,8.94,25.0,16.78,25.16,20.0,1.0,12.0,12.0,10.0,163.0,5.0,119.0,115.0,8.5,42.0,3.0,24.0,24.0,10.5,2,35
JH Kallis,89,1799,2348,74,48,9,601,236,58,1742,290.2,8.09,31.73,23.54,33.41,640.0,20.0,535.0,516.0,7.44,1091.0,26.0,893.0,866.0,7.56,617.0,28.0,371.0,360.0,10.28,3,31
JJ Bumrah,145,3474,4162,203,82,33,1353,362,124,3359,559.5,7.43,20.5,16.55,38.95,1314.0,43.0,1187.0,1144.0,6.89,966.0,46.0,890.0,870.0,6.66,1882.0,114.0,1397.0,1345.0,8.4,5,29
JJ van der Wath,3,76,134,3,2,2,29,17,6,72,12.0,11.17,44.67,24.0,38.16,41.0,0.0,33.0,30.0,8.2,44.0,1.0,19.0,18.0,14.67,49.0,2.0,24.0,24.0,12.25,2,49
JL Pattinson,10,222,321,11,9,0,77,34,10,213,35.3,9.04,29.18,19.36,34.68,149.0,4.0,107.0,102.0,8.76,112.0,3.0,75.0,72.0,9.33,60.0,4.0,40.0,39.0,9.23,2,28
JM Kemp,5,47,58,3,3,0,15,6,1,44,7.2,7.91,19.33,14.67,31.91,0.0,0.0,0.0,0.0,0.0,57.0,3.0,46.0,43.0,7.95,1.0,0.0,1.0,1.0,6.0,3,15
JO Holder,46,1049,1489,59,51,3,321,132,54,995,165.5,8.98,25.24,16.86,30.6,519.0,12.0,364.0,348.0,8.95,467.0,16.0,361.0,345.0,8.12,503.0,31.0,324.0,302.0,9.99,4,33
JP Behrendorff,17,379,563,22,13,0,139,55,26,366,61.0,9.23,25.59,16.64,36.68,337.0,11.0,245.0,240.0,8.43,99.0,3.0,70.0,66.0,9.0,127.0,8.0,64.0,60.0,12.7,4,23
JP Duminy,49,701,847,23,23,0,234,53,33,678,113.0,7.5,36.83,29.48,33.38,207.0,3.0,166.0,162.0,7.67,553.0,17.0,478.0,462.0,7.18,87.0,3.0,57.0,54.0,9.67,4,19
JP Faulkner,60,1287,1849,76,44,5,399,160,67,1238,206.2,8.96,24.33,16.29,31.0,496.0,19.0,382.0,371.0,8.02,551.0,15.0,412.0,400.0,8.26,802.0,42.0,493.0,467.0,10.3,5,20
JPR Scantlebury-Searles,3,45,89,2,3,0,7,4,7,42,7.0,12.71,44.5,21.0,15.56,13.0,0.0,7.0,6.0,13.0,56.0,1.0,31.0,30.0,11.2,20.0,1.0,7.0,6.0,20.0,1,52
JR Hazlewood,39,892,1219,58,23,2,376,122,56,867,144.3,8.44,21.02,14.95,42.15,606.0,24.0,491.0,486.0,7.48,182.0,11.0,139.0,133.0,8.21,431.0,23.0,262.0,248.0,10.43,4,25
JR Hopes,20,369,562,14,9,0,105,44,28,360,60.0,9.37,40.14,25.71,28.46,26.0,1.0,18.0,18.0,8.67,320.0,7.0,238.0,234.0,8.21,216.0,6.0,113.0,108.0,12.0,2,31
JW Hastings,3,61,66,3,2,1,31,11,0,58,9.4,6.83,22.0,19.33,50.82,50.0,1.0,39.0,36.0,8.33,7.0,1.0,12.0,12.0,3.5,9.0,1.0,10.0,10.0,5.4,2,6
Jalaj S Saxena,1,18,27,0,0,0,5,4,0,18,3.0,9.0,999.0,999.0,27.78,10.0,0.0,6.0,6.0,10.0,17.0,0.0,12.0,12.0,8.5,0.0,0.0,0.0,0.0,0.0,0,27
Jaskaran Singh,7,111,174,6,5,4,39,23,4,102,17.0,10.24,29.0,17.0,35.14,53.0,2.0,46.0,42.0,7.57,46.0,1.0,32.0,30.0,9.2,75.0,3.0,33.0,30.0,15.0,2,30
Joginder Sharma,15,272,421,13,9,7,71,38,17,256,42.4,9.87,32.38,19.69,26.1,48.0,0.0,28.0,24.0,12.0,267.0,10.0,189.0,180.0,8.9,106.0,3.0,55.0,52.0,12.23,2,29
K Goel,6,67,94,0,1,0,19,9,2,66,11.0,8.55,999.0,999.0,28.36,0.0,0.0,0.0,0.0,0.0,94.0,0.0,67.0,66.0,8.55,0.0,0.0,0.0,0.0,0.0,0,25
K Gowtham,35,599,825,22,11,0,206,68,37,588,98.0,8.42,37.5,26.73,34.39,393.0,11.0,275.0,270.0,8.73,381.0,11.0,300.0,294.0,7.78,51.0,0.0,24.0,24.0,12.75,2,23
K Kartikeya,16,290,412,12,8,0,85,25,23,282,47.0,8.77,34.33,23.5,29.31,16.0,1.0,6.0,6.0,16.0,347.0,11.0,258.0,252.0,8.26,49.0,0.0,26.0,24.0,12.25,2,32
K Khejroliya,8,148,250,6,7,2,36,17,15,139,23.1,10.79,41.67,23.17,24.32,64.0,0.0,30.0,30.0,12.8,119.0,3.0,84.0,78.0,9.15,67.0,3.0,34.0,31.0,12.97,2,34
K Rabada,84,1995,2816,128,71,13,739,257,118,1911,318.3,8.84,22.0,14.93,37.04,1172.0,36.0,844.0,819.0,8.59,617.0,26.0,499.0,480.0,7.71,1027.0,66.0,652.0,612.0,10.07,4,21
K Santokie,2,51,91,3,3,0,15,6,6,48,8.0,11.38,30.33,16.0,29.41,31.0,1.0,20.0,18.0,10.33,5.0,1.0,6.0,6.0,5.0,55.0,1.0,25.0,24.0,13.75,2,51
K Upadhyay,3,56,81,0,2,0,20,9,3,54,9.0,9.0,999.0,999.0,35.71,59.0,0.0,37.0,36.0,9.83,22.0,0.0,19.0,18.0,7.33,0.0,0.0,0.0,0.0,0.0,0,33
K Yadav,3,54,85,2,0,0,13,6,4,54,9.0,9.44,42.5,27.0,24.07,26.0,0.0,18.0,18.0,8.67,31.0,0.0,24.0,24.0,7.75,28.0,2.0,12.0,12.0,14.0,1,18
KA Jamieson,13,273,418,14,12,3,103,41,22,258,43.0,9.72,29.86,18.43,37.73,221.0,6.0,158.0,150.0,8.84,74.0,5.0,54.0,54.0,8.22,123.0,3.0,61.0,54.0,13.67,3,41
KA Maharaj,2,36,39,2,0,0,11,2,1,36,6.0,6.5,19.5,18.0,30.56,8.0,0.0,6.0,6.0,8.0,31.0,2.0,30.0,30.0,6.2,0.0,0.0,0.0,0.0,0.0,2,23
KA Pollard,107,1586,2200,81,90,8,405,169,78,1488,248.0,8.87,27.16,18.37,25.54,61.0,1.0,39.0,36.0,10.17,1526.0,50.0,1182.0,1115.0,8.21,613.0,30.0,365.0,337.0,10.91,4,17
KAJ Roach,2,52,80,0,3,1,20,10,3,48,8.0,10.0,999.0,999.0,38.46,20.0,0.0,19.0,18.0,6.67,16.0,0.0,14.0,12.0,8.0,44.0,0.0,19.0,18.0,14.67,0,32
KC Cariappa,11,224,349,8,6,2,61,23,19,216,36.0,9.69,43.62,27.0,27.23,65.0,0.0,37.0,36.0,10.83,260.0,6.0,168.0,162.0,9.63,24.0,2.0,19.0,18.0,8.0,2,16
KH Pandya,132,2466,3024,97,65,3,759,206,103,2398,399.4,7.57,31.18,24.72,30.78,724.0,18.0,555.0,546.0,7.96,2020.0,62.0,1702.0,1650.0,7.35,280.0,17.0,209.0,202.0,8.32,4,19
KJ Abbott,5,102,182,2,5,1,28,24,4,96,16.0,11.38,91.0,48.0,27.45,73.0,0.0,44.0,42.0,10.43,56.0,2.0,33.0,30.0,11.2,53.0,0.0,25.0,24.0,13.25,1,42
KK Ahmed,71,1635,2372,94,71,8,643,244,105,1556,259.2,9.15,25.23,16.55,39.33,1278.0,37.0,936.0,900.0,8.52,351.0,16.0,261.0,252.0,8.36,743.0,41.0,438.0,404.0,11.03,3,31
KK Cooper,25,600,789,36,23,1,184,59,23,576,96.0,8.22,21.92,16.0,30.67,115.0,4.0,100.0,96.0,7.19,272.0,12.0,226.0,216.0,7.56,402.0,20.0,274.0,264.0,9.14,4,27
KL Nagarkoti,11,185,287,5,5,0,50,21,14,180,30.0,9.57,57.4,36.0,27.03,45.0,0.0,31.0,30.0,9.0,184.0,4.0,123.0,120.0,9.2,58.0,1.0,31.0,30.0,11.6,2,13
KM Asif,7,143,232,7,8,2,46,16,14,133,22.1,10.47,33.14,19.0,32.17,71.0,3.0,45.0,42.0,10.14,96.0,4.0,71.0,66.0,8.73,65.0,0.0,27.0,25.0,15.6,2,43
KMA Paul,8,180,239,10,12,5,52,18,8,163,27.1,8.8,23.9,16.3,28.89,16.0,0.0,7.0,6.0,16.0,145.0,5.0,119.0,108.0,8.06,78.0,5.0,54.0,49.0,9.55,4,33
KMDN Kulasekara,5,107,122,6,5,0,45,16,0,102,17.0,7.18,20.33,17.0,42.06,82.0,4.0,71.0,66.0,7.45,8.0,0.0,6.0,6.0,8.0,32.0,2.0,30.0,30.0,6.4,2,10
KP Appanna,13,222,291,11,6,0,68,20,11,216,36.0,8.08,26.45,19.64,30.63,28.0,0.0,20.0,18.0,9.33,237.0,11.0,189.0,186.0,7.65,26.0,0.0,13.0,12.0,13.0,4,19
KP Pietersen,13,180,218,9,6,0,54,10,9,174,29.0,7.52,24.22,19.33,30.0,20.0,1.0,20.0,18.0,6.67,159.0,6.0,136.0,132.0,7.23,39.0,2.0,24.0,24.0,9.75,2,14
KR Mayers,6,46,59,0,2,2,14,8,0,42,7.0,8.43,999.0,999.0,30.43,43.0,0.0,39.0,36.0,7.17,16.0,0.0,7.0,6.0,16.0,0.0,0.0,0.0,0.0,0.0,0,7
KR Sen,12,255,396,14,12,2,83,41,16,241,40.1,9.86,28.29,17.21,32.55,66.0,2.0,44.0,42.0,9.43,192.0,8.0,146.0,138.0,8.35,138.0,4.0,65.0,61.0,13.57,4,20
KS Williamson,2,18,31,0,0,0,2,1,2,18,3.0,10.33,999.0,999.0,11.11,7.0,0.0,6.0,6.0,7.0,24.0,0.0,12.0,12.0,12.0,0.0,0.0,0.0,0.0,0.0,0,7
KT Maphaka,4,71,148,2,5,0,22,18,8,66,11.0,13.45,74.0,33.0,30.99,83.0,2.0,43.0,42.0,11.86,31.0,0.0,14.0,12.0,15.5,34.0,0.0,14.0,12.0,17.0,1,23
KV Sharma,87,1611,2263,89,26,0,507,125,132,1585,264.1,8.57,25.43,17.81,31.47,191.0,7.0,160.0,156.0,7.35,1855.0,72.0,1326.0,1308.0,8.51,217.0,10.0,125.0,121.0,10.76,5,39
KW Richardson,15,345,479,21,10,0,129,40,23,335,55.5,8.58,22.81,15.95,37.39,196.0,10.0,174.0,168.0,7.0,77.0,1.0,56.0,54.0,8.56,206.0,10.0,115.0,113.0,10.94,4,13
Kamran Khan,9,177,248,14,10,1,63,25,10,166,27.4,8.96,17.71,11.86,35.59,133.0,6.0,91.0,84.0,9.5,56.0,3.0,50.0,48.0,7.0,59.0,5.0,36.0,34.0,10.41,5,36
Karanveer Singh,9,213,323,14,9,0,64,19,19,204,34.0,9.5,23.07,14.57,30.05,26.0,0.0,12.0,12.0,13.0,244.0,9.0,175.0,168.0,8.71,53.0,5.0,26.0,24.0,13.25,4,54
Karim Janat,1,6,30,0,0,0,0,3,3,6,1.0,30.0,999.0,999.0,0.0,0.0,0.0,0.0,0.0,0.0,30.0,0.0,6.0,6.0,30.0,0.0,0.0,0.0,0.0,0.0,0,30
Kartik Tyagi,20,458,720,16,28,8,148,71,32,422,70.2,10.24,45.0,26.38,32.31,274.0,5.0,168.0,150.0,10.96,224.0,3.0,160.0,150.0,8.96,222.0,8.0,130.0,122.0,10.92,2,37
Kuldeep Yadav,96,2110,2805,106,43,3,626,142,147,2064,344.0,8.15,26.46,19.47,29.67,88.0,0.0,64.0,60.0,8.8,2250.0,73.0,1698.0,1670.0,8.08,467.0,33.0,348.0,334.0,8.39,4,20
L Ablish,3,45,76,5,3,0,10,11,1,42,7.0,10.86,15.2,8.4,22.22,26.0,1.0,12.0,12.0,13.0,31.0,0.0,12.0,12.0,15.5,19.0,4.0,21.0,18.0,6.33,3,18
L Balaji,73,1574,2083,85,58,4,537,188,69,1512,252.0,8.27,24.51,17.79,34.12,538.0,16.0,471.0,450.0,7.17,668.0,30.0,580.0,560.0,7.16,877.0,39.0,523.0,502.0,10.48,5,25
L Ngidi,16,390,541,32,16,2,144,46,26,372,62.0,8.73,16.91,11.62,36.92,192.0,10.0,154.0,150.0,7.68,106.0,6.0,80.0,78.0,8.15,243.0,16.0,156.0,144.0,10.12,4,11
L Wood,2,38,94,1,1,1,8,12,5,36,6.0,15.67,94.0,36.0,21.05,26.0,0.0,12.0,12.0,13.0,23.0,1.0,12.0,12.0,11.5,45.0,0.0,14.0,12.0,22.5,1,68
LA Carseldine,1,7,6,1,1,0,4,1,0,6,1.0,6.0,6.0,6.0,57.14,6.0,1.0,7.0,6.0,6.0,0.0,0.0,0.0,0.0,0.0,0.0,0.0,0.0,0.0,0.0,1,6
LB Williams,2,42,74,1,4,2,12,7,3,36,6.0,12.33,74.0,36.0,28.57,56.0,0.0,29.0,24.0,14.0,4.0,1.0,6.0,6.0,4.0,14.0,0.0,7.0,6.0,14.0,1,40
LE Plunkett,7,154,228,4,4,0,39,15,12,150,25.0,9.12,57.0,37.5,25.32,72.0,1.0,44.0,42.0,10.29,85.0,1.0,61.0,60.0,8.5,71.0,2.0,49.0,48.0,8.88,3,19
LH Ferguson,49,1078,1558,63,43,9,376,147,67,1026,171.0,9.11,24.73,16.29,34.88,398.0,18.0,280.0,269.0,8.88,600.0,23.0,467.0,444.0,8.11,560.0,22.0,331.0,313.0,10.73,5,18
LI Meriwala,1,19,32,1,0,1,6,4,1,18,3.0,10.67,32.0,18.0,31.58,28.0,0.0,13.0,12.0,14.0,4.0,1.0,6.0,6.0,4.0,0.0,0.0,0.0,0.0,0.0,1,32
LJ Wright,6,75,125,2,4,0,14,5,9,71,11.5,10.56,62.5,35.5,18.67,12.0,0.0,6.0,6.0,12.0,68.0,1.0,46.0,42.0,9.71,45.0,1.0,23.0,23.0,11.74,1,27
LMP Simmons,1,18,34,1,0,0,2,2,2,18,3.0,11.33,34.0,18.0,11.11,0.0,0.0,0.0,0.0,0.0,10.0,0.0,6.0,6.0,10.0,24.0,1.0,12.0,12.0,12.0,1,34
LPC Silva,1,6,21,0,0,0,0,0,3,6,1.0,21.0,999.0,999.0,0.0,0.0,0.0,0.0,0.0,0.0,0.0,0.0,0.0,0.0,0.0,21.0,0.0,6.0,6.0,21.0,0,21
LR Shukla,27,326,458,17,10,2,109,39,16,314,52.2,8.75,26.94,18.47,33.44,51.0,0.0,27.0,26.0,11.77,284.0,8.0,217.0,210.0,8.11,123.0,9.0,82.0,78.0,9.46,3,6
LRPL Taylor,2,13,24,0,1,0,0,0,2,12,2.0,12.0,999.0,999.0,0.0,0.0,0.0,0.0,0.0,0.0,24.0,0.0,13.0,12.0,12.0,0.0,0.0,0.0,0.0,0.0,0,13
LS Livingstone,27,321,471,13,9,0,81,38,19,312,52.0,9.06,36.23,24.0,25.23,17.0,1.0,18.0,18.0,5.67,426.0,11.0,277.0,270.0,9.47,28.0,1.0,26.0,24.0,7.0,3,27
Lalit Yadav,19,294,430,11,5,1,82,26,24,288,48.0,8.96,39.09,26.18,27.89,155.0,2.0,98.0,96.0,9.69,229.0,8.0,168.0,168.0,8.18,46.0,1.0,28.0,24.0,11.5,2,13
M Ashwin,44,898,1182,35,25,3,283,82,50,870,145.0,8.15,33.77,24.86,31.51,140.0,2.0,94.0,90.0,9.33,852.0,26.0,673.0,654.0,7.82,190.0,7.0,131.0,126.0,9.05,3,36
M Jansen,35,787,1180,38,44,10,281,110,54,733,122.1,9.66,31.05,19.29,35.71,605.0,18.0,427.0,402.0,9.03,400.0,10.0,258.0,240.0,10.0,175.0,10.0,102.0,91.0,11.54,3,30
M Kartik,55,1182,1418,39,28,5,382,97,41,1149,191.3,7.4,36.36,29.46,32.32,214.0,8.0,184.0,179.0,7.17,997.0,23.0,843.0,816.0,7.33,207.0,8.0,155.0,154.0,8.06,4,17
M Manhas,3,42,42,0,0,0,15,2,1,42,7.0,6.0,999.0,999.0,35.71,0.0,0.0,0.0,0.0,0.0,34.0,0.0,36.0,36.0,5.67,8.0,0.0,6.0,6.0,8.0,0,14
M Markande,37,737,1081,37,16,1,210,75,58,720,120.0,9.01,29.22,19.46,28.49,0.0,0.0,0.0,0.0,0.0,902.0,34.0,637.0,624.0,8.67,179.0,3.0,100.0,96.0,11.19,4,25
M Morkel,70,1699,2136,88,57,13,708,230,61,1629,271.3,7.87,24.27,18.51,41.67,1107.0,37.0,958.0,906.0,7.33,426.0,11.0,339.0,333.0,7.68,603.0,40.0,402.0,390.0,9.28,4,22
M Muralitharan,66,1581,1765,67,51,2,600,105,67,1528,254.4,6.93,26.34,22.81,37.95,161.0,3.0,154.0,148.0,6.53,1224.0,41.0,1143.0,1105.0,6.65,380.0,23.0,284.0,275.0,8.29,4,11
M Ntini,9,213,257,8,1,2,99,29,8,210,35.0,7.34,32.12,26.25,46.48,182.0,5.0,158.0,156.0,7.0,22.0,0.0,18.0,18.0,7.33,53.0,3.0,37.0,36.0,8.83,4,24
M Pathirana,32,787,1047,53,83,2,236,72,39,702,117.0,8.95,19.75,13.25,29.99,0.0,0.0,0.0,0.0,0.0,410.0,14.0,343.0,300.0,8.2,637.0,39.0,444.0,402.0,9.51,4,30
M Prasidh Krishna,66,1595,2247,80,73,17,610,241,79,1505,250.5,8.96,28.09,18.81,38.24,847.0,19.0,640.0,612.0,8.3,515.0,18.0,411.0,393.0,7.86,885.0,43.0,544.0,500.0,10.62,5,30
M Shahrukh Khan,3,18,29,1,0,0,4,1,2,18,3.0,9.67,29.0,18.0,22.22,0.0,0.0,0.0,0.0,0.0,22.0,1.0,12.0,12.0,11.0,7.0,0.0,6.0,6.0,7.0,1,13
M Siddharth,5,101,140,3,2,3,33,11,6,96,16.0,8.75,46.67,32.0,32.67,80.0,2.0,64.0,60.0,8.0,60.0,1.0,37.0,36.0,10.0,0.0,0.0,0.0,0.0,0.0,2,39
M Theekshana,38,902,1226,36,24,2,260,93,45,876,146.0,8.4,34.06,24.33,28.82,452.0,10.0,320.0,312.0,8.69,536.0,14.0,416.0,408.0,7.88,238.0,12.0,166.0,156.0,9.15,4,33
M Tiwari,1,6,14,0,0,0,0,2,0,6,1.0,14.0,999.0,999.0,0.0,0.0,0.0,0.0,0.0,0.0,14.0,0.0,6.0,6.0,14.0,0.0,0.0,0.0,0.0,0.0,0,14
M Vijay,4,37,49,0,1,0,8,6,0,36,6.0,8.17,999.0,999.0,21.62,8.0,0.0,7.0,6.0,8.0,41.0,0.0,30.0,30.0,8.2,0.0,0.0,0.0,0.0,0.0,0,13
M de Lange,5,116,171,6,6,2,39,21,4,108,18.0,9.5,28.5,18.0,33.62,82.0,2.0,65.0,60.0,8.2,29.0,1.0,19.0,18.0,9.67,60.0,3.0,32.0,30.0,12.0,3,34
MA Khote,2,30,52,2,0,0,5,4,2,30,5.0,10.4,26.0,15.0,16.67,0.0,0.0,0.0,0.0,0.0,28.0,1.0,18.0,18.0,9.33,24.0,1.0,12.0,12.0,12.0,2,30
MA Starc,50,1124,1588,78,53,7,418,174,45,1064,177.2,8.95,20.36,13.64,37.19,932.0,28.0,650.0,611.0,9.15,168.0,10.0,138.0,132.0,7.64,488.0,40.0,336.0,321.0,9.12,6,35
MA Wood,5,127,192,11,6,1,47,13,12,120,20.0,9.6,17.45,10.91,37.01,40.0,2.0,26.0,24.0,10.0,38.0,2.0,42.0,42.0,5.43,114.0,7.0,59.0,54.0,12.67,5,14
MB Parmar,1,19,33,0,1,0,4,6,0,18,3.0,11.0,999.0,999.0,21.05,14.0,0.0,7.0,6.0,14.0,19.0,0.0,12.0,12.0,9.5,0.0,0.0,0.0,0.0,0.0,0,33
MC Henriques,60,979,1302,46,28,1,306,123,38,950,158.2,8.22,28.3,20.65,31.26,280.0,9.0,210.0,203.0,8.28,863.0,32.0,666.0,649.0,7.98,159.0,5.0,103.0,98.0,9.73,3,16
MF Maharoof,20,441,532,33,16,5,165,46,16,420,70.0,7.6,16.12,12.73,37.41,212.0,11.0,176.0,168.0,7.57,165.0,9.0,160.0,150.0,6.6,155.0,13.0,105.0,102.0,9.12,4,13
MG Bracewell,5,66,95,6,0,0,26,7,6,66,11.0,8.64,15.83,11.0,39.39,13.0,3.0,12.0,12.0,6.5,82.0,3.0,54.0,54.0,9.11,0.0,0.0,0.0,0.0,0.0,2,16
MG Johnson,54,1301,1740,66,57,9,535,196,55,1235,205.5,8.45,26.36,18.71,41.12,832.0,28.0,657.0,621.0,8.04,421.0,8.0,326.0,312.0,8.1,487.0,30.0,318.0,302.0,9.68,4,31
MG Neser,1,25,62,0,0,1,5,6,4,24,4.0,15.5,999.0,999.0,20.0,18.0,0.0,6.0,6.0,18.0,11.0,0.0,7.0,6.0,11.0,33.0,0.0,12.0,12.0,16.5,0,62
MJ Clarke,5,66,72,3,0,0,22,4,2,66,11.0,6.55,24.0,22.0,33.33,0.0,0.0,0.0,0.0,0.0,63.0,3.0,60.0,60.0,6.3,9.0,0.0,6.0,6.0,9.0,1,10
MJ Henry,6,105,183,3,3,0,31,16,10,102,17.0,10.76,61.0,34.0,29.52,130.0,1.0,79.0,78.0,10.0,8.0,0.0,6.0,6.0,8.0,45.0,2.0,20.0,18.0,15.0,2,31
MJ McClenaghan,56,1346,1839,75,63,9,507,181,72,1274,212.2,8.66,24.52,16.99,37.67,867.0,32.0,684.0,654.0,7.95,369.0,9.0,262.0,252.0,8.79,603.0,34.0,400.0,368.0,9.83,4,26
MJ Santner,31,617,744,26,13,1,210,63,21,603,100.3,7.4,28.62,23.19,34.04,184.0,2.0,141.0,138.0,8.0,485.0,20.0,426.0,420.0,6.93,75.0,4.0,50.0,45.0,10.0,3,11
MJ Suthar,1,12,26,0,0,0,4,1,3,12,2.0,13.0,999.0,999.0,33.33,26.0,0.0,12.0,12.0,13.0,0.0,0.0,0.0,0.0,0.0,0.0,0.0,0.0,0.0,0.0,0,26
MK Lomror,11,94,127,2,4,0,22,8,5,90,15.0,8.47,63.5,45.0,23.4,11.0,1.0,12.0,12.0,5.5,116.0,1.0,82.0,78.0,8.92,0.0,0.0,0.0,0.0,0.0,1,22
MK Tiwary,6,45,83,1,3,0,9,2,7,42,7.0,11.86,83.0,42.0,20.0,0.0,0.0,0.0,0.0,0.0,55.0,0.0,32.0,30.0,11.0,28.0,1.0,13.0,12.0,14.0,1,11
MM Ali,57,869,1036,46,14,1,295,43,57,854,142.2,7.28,22.52,18.57,33.95,89.0,5.0,96.0,96.0,5.56,875.0,37.0,716.0,701.0,7.49,72.0,4.0,57.0,57.0,7.58,4,13
MM Patel,63,1382,1733,82,16,11,590,188,53,1355,225.5,7.67,21.13,16.52,42.69,784.0,30.0,670.0,654.0,7.19,407.0,24.0,398.0,396.0,6.17,542.0,28.0,314.0,305.0,10.66,5,25
MM Sharma,119,2471,3537,149,58,10,813,342,131,2403,400.3,8.83,23.74,16.13,32.9,1168.0,38.0,874.0,858.0,8.17,976.0,36.0,757.0,738.0,7.93,1393.0,75.0,840.0,807.0,10.36,5,14
MN Samuels,11,219,285,10,5,0,79,23,12,214,35.4,7.99,28.5,21.4,36.07,81.0,3.0,80.0,78.0,6.23,116.0,2.0,86.0,84.0,8.29,88.0,5.0,53.0,52.0,10.15,3,39
MP Stoinis,71,922,1477,46,32,2,239,116,73,888,148.0,9.98,32.11,19.3,25.92,254.0,9.0,168.0,159.0,9.58,866.0,21.0,583.0,565.0,9.2,357.0,16.0,171.0,164.0,13.06,4,21
MP Yadav,6,129,188,10,7,1,57,17,12,121,20.1,9.32,18.8,12.1,44.19,74.0,3.0,38.0,36.0,12.33,90.0,4.0,70.0,66.0,8.18,24.0,3.0,21.0,19.0,7.58,4,15
MR Marsh,34,593,803,37,30,3,181,72,28,560,93.2,8.6,21.7,15.14,30.52,155.0,6.0,109.0,106.0,8.77,424.0,19.0,355.0,333.0,7.64,224.0,12.0,129.0,121.0,11.11,4,25
MS Gony,44,925,1317,39,32,5,348,135,53,888,148.0,8.9,33.77,22.77,37.62,722.0,18.0,505.0,486.0,8.91,382.0,13.0,296.0,282.0,8.13,213.0,8.0,124.0,120.0,10.65,3,34
MW Short,3,25,25,0,1,0,11,2,1,24,4.0,6.25,999.0,999.0,44.0,14.0,0.0,13.0,12.0,7.0,11.0,0.0,12.0,12.0,5.5,0.0,0.0,0.0,0.0,0.0,0,8
Mandeep Singh,2,12,26,0,0,0,1,1,2,12,2.0,13.0,999.0,999.0,8.33,0.0,0.0,0.0,0.0,0.0,26.0,0.0,12.0,12.0,13.0,0.0,0.0,0.0,0.0,0.0,0,18
Mashrafe Mortaza,1,28,59,1,2,2,6,4,4,24,4.0,14.75,59.0,24.0,21.43,26.0,0.0,13.0,12.0,13.0,0.0,0.0,0.0,0.0,0.0,33.0,1.0,15.0,12.0,16.5,1,59
Mayank Dagar,8,138,205,2,1,0,43,14,11,137,22.5,8.98,102.5,68.5,31.16,29.0,0.0,12.0,12.0,14.5,154.0,2.0,109.0,108.0,8.56,22.0,0.0,17.0,17.0,7.76,1,37
Mohammad Asif,8,199,307,9,6,1,64,37,8,192,32.0,9.59,34.11,21.33,32.16,147.0,3.0,94.0,90.0,9.8,54.0,1.0,42.0,42.0,7.71,106.0,5.0,63.0,60.0,10.6,2,20
Mohammad Hafeez,4,63,71,2,2,1,22,5,2,60,10.0,7.1,35.5,30.0,34.92,0.0,0.0,0.0,0.0,0.0,71.0,2.0,63.0,60.0,7.1,0.0,0.0,0.0,0.0,0.0,1,11
Mohammad Nabi,23,419,527,15,2,0,146,33,26,417,69.3,7.58,35.13,27.8,34.84,179.0,7.0,168.0,168.0,6.39,313.0,6.0,230.0,228.0,8.24,35.0,2.0,21.0,21.0,10.0,4,15
Mohammed Shami,119,2708,3834,150,85,9,1039,397,143,2614,435.4,8.8,25.56,17.43,38.37,1957.0,56.0,1533.0,1478.0,7.94,663.0,17.0,475.0,462.0,8.61,1214.0,77.0,700.0,674.0,10.81,4,19
Mohammed Siraj,108,2448,3434,112,140,8,947,334,149,2300,383.2,8.96,30.66,20.54,38.68,1690.0,46.0,1239.0,1182.0,8.58,584.0,21.0,477.0,450.0,7.79,1160.0,45.0,732.0,668.0,10.42,4,32
Mohit Rathee,1,12,29,0,0,0,3,3,2,12,2.0,14.5,999.0,999.0,25.0,0.0,0.0,0.0,0.0,0.0,29.0,0.0,12.0,12.0,14.5,0.0,0.0,0.0,0.0,0.0,0,29
Mohsin Khan,23,507,698,27,21,0,209,61,35,486,81.0,8.62,25.85,18.0,41.22,315.0,11.0,244.0,234.0,8.08,145.0,5.0,119.0,114.0,7.63,238.0,11.0,144.0,138.0,10.35,4,16
Monu Kumar,1,16,20,0,3,1,4,2,0,12,2.0,10.0,999.0,999.0,25.0,7.0,0.0,8.0,6.0,7.0,0.0,0.0,0.0,0.0,0.0,13.0,0.0,8.0,6.0,13.0,0,20
Mujeeb Ur Rahman,20,465,626,21,19,0,151,42,26,446,74.2,8.42,29.81,21.24,32.47,182.0,5.0,148.0,140.0,7.8,302.0,11.0,240.0,234.0,7.74,142.0,5.0,77.0,72.0,11.83,3,28
Mukesh Choudhary,16,334,523,17,18,1,131,59,23,315,52.3,9.96,30.76,18.53,39.22,349.0,12.0,232.0,222.0,9.43,62.0,3.0,46.0,42.0,8.86,112.0,2.0,56.0,51.0,13.18,4,46
Mukesh Kumar,32,675,1118,45,33,6,209,114,53,636,106.0,10.55,24.84,14.13,30.96,396.0,10.0,275.0,264.0,9.0,206.0,11.0,140.0,132.0,9.36,516.0,24.0,260.0,240.0,12.9,4,60
Musheer Khan,1,12,27,1,0,0,1,2,2,12,2.0,13.5,27.0,12.0,8.33,0.0,0.0,0.0,0.0,0.0,27.0,1.0,12.0,12.0,13.5,0.0,0.0,0.0,0.0,0.0,1,27
Mustafizur Rahman,60,1419,1879,74,47,8,487,171,61,1364,227.2,8.27,25.39,18.43,34.32,561.0,17.0,476.0,462.0,7.29,426.0,16.0,337.0,326.0,7.84,892.0,41.0,606.0,576.0,9.29,4,30
N Burger,5,105,152,7,3,0,46,16,7,102,17.0,8.94,21.71,14.57,43.81,105.0,4.0,62.0,60.0,10.5,34.0,2.0,24.0,24.0,8.5,13.0,1.0,19.0,18.0,4.33,2,30
N Rana,26,197,271,10,5,0,58,29,7,192,32.0,8.47,27.1,19.2,29.44,37.0,0.0,25.0,25.0,8.88,207.0,8.0,148.0,144.0,8.62,27.0,2.0,24.0,23.0,7.04,2,11
N Thushara,8,198,289,9,15,3,58,28,10,180,30.0,9.63,32.11,20.0,29.29,149.0,7.0,104.0,96.0,9.31,33.0,0.0,20.0,18.0,11.0,107.0,2.0,74.0,66.0,9.73,3,43
N Wadhera,2,17,22,0,0,0,3,1,1,17,2.5,7.76,999.0,999.0,17.65,0.0,0.0,0.0,0.0,0.0,13.0,0.0,12.0,12.0,6.5,9.0,0.0,5.0,5.0,10.8,0,13
NA Saini,1,15,35,0,0,3,2,3,2,12,2.0,17.5,999.0,999.0,13.33,0.0,0.0,0.0,0.0,0.0,12.0,0.0,8.0,6.0,12.0,23.0,0.0,7.0,6.0,23.0,0,35
NB Singh,2,25,18,1,1,0,13,2,0,24,4.0,4.5,18.0,24.0,52.0,18.0,1.0,25.0,24.0,4.5,0.0,0.0,0.0,0.0,0.0,0.0,0.0,0.0,0.0,0.0,1,8
ND Doshi,4,57,79,2,1,0,24,5,6,56,9.2,8.46,39.5,28.0,42.11,32.0,1.0,18.0,18.0,10.67,36.0,0.0,27.0,26.0,8.31,11.0,1.0,12.0,12.0,5.5,1,17
NJ Rimmington,1,18,20,0,0,0,9,3,0,18,3.0,6.67,999.0,999.0,50.0,14.0,0.0,12.0,12.0,7.0,6.0,0.0,6.0,6.0,6.0,0.0,0.0,0.0,0.0,0.0,0,20
NL McCullum,2,30,35,0,0,0,10,1,2,30,5.0,7.0,999.0,999.0,33.33,12.0,0.0,12.0,12.0,6.0,23.0,0.0,18.0,18.0,7.67,0.0,0.0,0.0,0.0,0.0,0,12
NLTC Perera,36,715,1031,37,14,3,227,113,28,698,116.2,8.86,27.86,18.86,31.75,223.0,6.0,182.0,180.0,7.43,369.0,10.0,295.0,288.0,7.69,439.0,21.0,238.0,230.0,11.45,3,29
NM Coulter-Nile,38,892,1125,52,26,9,368,123,34,857,142.5,7.88,21.63,16.48,41.26,441.0,15.0,379.0,360.0,7.35,286.0,11.0,254.0,249.0,6.89,398.0,26.0,259.0,248.0,9.63,4,21
NT Ellis,17,390,553,20,9,3,117,46,21,378,63.0,8.78,27.65,18.9,30.0,121.0,4.0,103.0,102.0,7.12,182.0,6.0,145.0,138.0,7.91,250.0,10.0,142.0,138.0,10.87,4,42
Naman Dhir,5,53,76,1,1,0,11,6,2,52,8.4,8.77,76.0,52.0,20.75,6.0,0.0,6.0,6.0,6.0,62.0,0.0,35.0,34.0,10.94,8.0,1.0,12.0,12.0,4.0,1,12
Navdeep Saini,31,682,968,26,21,9,272,103,38,652,108.4,8.91,37.23,25.08,39.88,400.0,9.0,292.0,282.0,8.51,288.0,5.0,202.0,192.0,9.0,280.0,12.0,188.0,178.0,9.44,3,40
Naveen-ul-Haq,17,407,602,26,15,5,133,54,24,387,64.3,9.33,23.15,14.88,32.68,232.0,6.0,145.0,144.0,9.67,104.0,8.0,88.0,84.0,7.43,266.0,12.0,174.0,159.0,10.04,4,39
Nithish Kumar Reddy,12,152,255,8,11,2,38,16,17,139,23.1,11.01,31.88,17.38,25.0,28.0,0.0,19.0,18.0,9.33,149.0,2.0,95.0,90.0,9.93,78.0,6.0,38.0,31.0,15.1,3,28
Noor Ahmad,37,827,1088,48,31,4,273,77,45,792,132.0,8.24,22.67,16.5,33.01,77.0,2.0,56.0,54.0,8.56,833.0,33.0,634.0,611.0,8.18,178.0,13.0,137.0,127.0,8.41,4,22
O Thomas,4,63,85,5,1,2,17,9,1,60,10.0,8.5,17.0,12.0,26.98,58.0,2.0,37.0,36.0,9.67,9.0,1.0,12.0,12.0,4.5,18.0,2.0,14.0,12.0,9.0,2,30
OC McCoy,8,180,255,11,17,2,49,20,9,161,26.5,9.5,23.18,14.64,27.22,14.0,0.0,12.0,12.0,7.0,144.0,3.0,97.0,84.0,10.29,97.0,8.0,71.0,65.0,8.95,3,23
OF Smith,6,95,179,7,4,1,35,12,16,90,15.0,11.93,25.57,12.86,36.84,21.0,1.0,18.0,18.0,7.0,112.0,2.0,57.0,54.0,12.44,46.0,4.0,20.0,18.0,15.33,4,30
P Amarnath,6,132,241,7,0,0,29,29,7,132,22.0,10.95,34.43,18.86,21.97,12.0,0.0,6.0,6.0,12.0,189.0,6.0,108.0,108.0,10.5,40.0,1.0,18.0,18.0,13.33,2,30
P Awana,33,774,1046,43,23,4,293,107,35,747,124.3,8.4,24.33,17.37,37.86,363.0,14.0,276.0,270.0,8.07,370.0,13.0,315.0,306.0,7.25,313.0,16.0,183.0,171.0,10.98,4,34
P Dubey,5,79,112,2,1,0,23,10,5,78,13.0,8.62,56.0,39.0,29.11,0.0,0.0,0.0,0.0,0.0,101.0,2.0,73.0,72.0,8.42,11.0,0.0,6.0,6.0,11.0,1,19
P Kumar,119,2637,3342,102,112,1,1075,338,104,2524,420.4,7.94,32.76,24.75,40.77,1813.0,44.0,1642.0,1572.0,6.92,471.0,15.0,371.0,360.0,7.85,1058.0,43.0,624.0,592.0,10.72,3,24
P Negi,42,733,954,38,17,0,237,57,47,716,119.2,7.99,25.11,18.84,32.33,64.0,3.0,42.0,42.0,9.14,738.0,26.0,606.0,594.0,7.45,152.0,9.0,85.0,80.0,11.4,4,18
P Parameswaran,8,159,226,9,4,1,64,23,10,154,25.4,8.81,25.11,17.11,40.25,65.0,2.0,37.0,36.0,10.83,97.0,2.0,81.0,79.0,7.37,64.0,5.0,41.0,39.0,9.85,3,30
P Prasanth,1,6,18,0,0,0,3,0,3,6,1.0,18.0,999.0,999.0,50.0,0.0,0.0,0.0,0.0,0.0,18.0,0.0,6.0,6.0,18.0,0.0,0.0,0.0,0.0,0.0,0,18
P Ray Barman,1,24,56,0,0,0,2,3,4,24,4.0,14.0,999.0,999.0,8.33,0.0,0.0,0.0,0.0,0.0,36.0,0.0,18.0,18.0,12.0,20.0,0.0,6.0,6.0,20.0,0,56
P Sahu,5,107,152,3,2,0,24,11,5,105,17.3,8.69,50.67,35.0,22.43,11.0,0.0,7.0,6.0,11.0,110.0,3.0,82.0,81.0,8.15,31.0,0.0,18.0,18.0,10.33,2,18
P Suyal,5,107,154,2,7,4,36,16,5,96,16.0,9.62,77.0,48.0,33.64,93.0,1.0,65.0,60.0,9.3,18.0,1.0,15.0,12.0,9.0,43.0,0.0,27.0,24.0,10.75,1,22
PC Valthaty,10,153,207,7,2,0,44,15,7,151,25.1,8.23,29.57,21.57,28.76,0.0,0.0,0.0,0.0,0.0,176.0,5.0,133.0,132.0,8.0,31.0,2.0,20.0,19.0,9.79,4,29
PD Collingwood,6,90,101,5,1,0,24,4,3,89,14.5,6.81,20.2,17.8,26.67,0.0,0.0,0.0,0.0,0.0,80.0,2.0,67.0,66.0,7.27,21.0,3.0,23.0,23.0,5.48,2,19
PH Solanki,2,36,39,2,0,0,11,1,2,36,6.0,6.5,19.5,18.0,30.56,0.0,0.0,0.0,0.0,0.0,24.0,1.0,24.0,24.0,6.0,15.0,1.0,12.0,12.0,7.5,2,21
PHKD Mendis,4,42,60,2,0,0,11,4,3,42,7.0,8.57,30.0,21.0,26.19,0.0,0.0,0.0,0.0,0.0,60.0,2.0,42.0,42.0,8.57,0.0,0.0,0.0,0.0,0.0,1,4
PJ Cummins,72,1682,2436,82,63,2,578,225,100,1617,269.3,9.04,29.71,19.72,34.36,1017.0,28.0,721.0,696.0,8.77,635.0,25.0,491.0,474.0,8.04,784.0,29.0,470.0,447.0,10.52,4,34
PJ Sangwan,42,905,1267,44,43,6,319,127,43,856,142.4,8.88,28.8,19.45,35.25,521.0,16.0,379.0,354.0,8.83,524.0,19.0,387.0,366.0,8.59,222.0,9.0,139.0,136.0,9.79,3,28
PM Sarvesh Kumar,2,31,42,1,1,0,11,7,0,30,5.0,8.4,42.0,30.0,35.48,8.0,0.0,7.0,6.0,8.0,34.0,1.0,24.0,24.0,8.5,0.0,0.0,0.0,0.0,0.0,1,18
PP Chawla,191,3895,5179,201,43,2,1325,374,222,3850,641.4,8.07,25.77,19.15,34.02,576.0,21.0,443.0,437.0,7.91,3946.0,139.0,3000.0,2969.0,7.97,657.0,41.0,452.0,444.0,8.88,4,28
PP Ojha,90,1945,2399,99,44,2,667,146,97,1899,316.3,7.58,24.23,19.18,34.29,324.0,7.0,243.0,240.0,8.1,1617.0,66.0,1405.0,1373.0,7.07,458.0,26.0,297.0,286.0,9.61,4,30
PV Tambe,33,674,866,28,14,0,204,64,28,660,110.0,7.87,30.93,23.57,30.27,114.0,3.0,80.0,78.0,8.77,609.0,20.0,515.0,504.0,7.25,143.0,5.0,79.0,78.0,11.0,4,20
PVD Chameera,19,408,640,15,21,3,146,65,30,384,64.0,10.0,42.67,25.6,35.78,314.0,7.0,204.0,192.0,9.81,129.0,1.0,93.0,90.0,8.6,197.0,7.0,111.0,102.0,11.59,3,48
PVSN Raju,2,29,54,2,5,0,3,4,3,24,4.0,13.5,27.0,12.0,10.34,13.0,0.0,7.0,6.0,13.0,12.0,0.0,6.0,6.0,12.0,29.0,2.0,16.0,12.0,14.5,2,41
PWA Mulder,1,6,16,0,0,0,1,2,1,6,1.0,16.0,999.0,999.0,16.67,0.0,0.0,0.0,0.0,0.0,0.0,0.0,0.0,0.0,0.0,16.0,0.0,6.0,6.0,16.0,0,16
PWH de Silva,37,808,1134,47,10,0,264,65,70,798,133.0,8.53,24.13,16.98,32.67,99.0,4.0,60.0,60.0,9.9,865.0,31.0,626.0,618.0,8.4,170.0,12.0,122.0,120.0,8.5,5,19
Pankaj Singh,17,311,472,11,10,1,111,52,17,300,50.0,9.44,42.91,27.27,35.69,195.0,8.0,155.0,150.0,7.8,167.0,2.0,105.0,102.0,9.82,110.0,1.0,51.0,48.0,13.75,2,31
Parvez Rasool,11,200,273,4,2,0,60,22,11,198,33.0,8.27,68.25,49.5,30.0,101.0,1.0,66.0,66.0,9.18,172.0,3.0,134.0,132.0,7.82,0.0,0.0,0.0,0.0,0.0,1,24
Prince Yadav,6,144,226,5,7,0,42,21,10,137,22.5,9.9,45.2,27.4,29.17,33.0,0.0,24.0,24.0,8.25,114.0,3.0,85.0,78.0,8.77,79.0,2.0,35.0,35.0,13.54,2,29
R Ashwin,217,4868,5721,205,154,4,1606,334,221,4710,785.0,7.29,27.91,22.98,32.99,1502.0,54.0,1291.0,1252.0,7.2,3385.0,111.0,2951.0,2857.0,7.11,834.0,40.0,626.0,601.0,8.33,5,25
R Bhatia,91,1661,2059,82,23,2,436,120,68,1636,272.4,7.55,25.11,19.95,26.25,25.0,0.0,12.0,12.0,12.5,1698.0,61.0,1413.0,1393.0,7.31,336.0,21.0,236.0,231.0,8.73,4,17
R Dhawan,36,693,922,27,28,3,205,71,27,662,110.2,8.36,34.15,24.52,29.58,221.0,5.0,160.0,156.0,8.5,533.0,18.0,432.0,414.0,7.72,168.0,4.0,101.0,92.0,10.96,2,26
R Goyal,1,24,34,0,0,0,6,1,2,24,4.0,8.5,999.0,999.0,25.0,0.0,0.0,0.0,0.0,0.0,34.0,0.0,24.0,24.0,8.5,0.0,0.0,0.0,0.0,0.0,0,34
R McLaren,18,372,558,14,15,3,116,69,11,354,59.0,9.46,39.86,25.29,31.18,220.0,4.0,158.0,150.0,8.8,182.0,3.0,126.0,120.0,9.1,156.0,7.0,88.0,84.0,11.14,3,61
R Ninan,2,36,65,3,0,0,8,3,5,36,6.0,10.83,21.67,12.0,22.22,0.0,0.0,0.0,0.0,0.0,49.0,3.0,30.0,30.0,9.8,16.0,0.0,6.0,6.0,16.0,2,31
R Parag,30,309,478,9,14,0,65,28,24,295,49.1,9.72,53.11,32.78,21.04,16.0,1.0,12.0,12.0,8.0,431.0,8.0,282.0,270.0,9.58,31.0,0.0,15.0,13.0,14.31,1,25
R Powell,2,21,35,1,2,1,4,2,2,18,3.0,11.67,35.0,18.0,19.05,0.0,0.0,0.0,0.0,0.0,21.0,1.0,14.0,12.0,10.5,14.0,0.0,7.0,6.0,14.0,1,18
R Rampaul,12,278,319,17,8,2,130,25,14,268,44.4,7.14,18.76,15.76,46.76,163.0,10.0,166.0,162.0,6.04,54.0,3.0,57.0,54.0,6.0,102.0,4.0,55.0,52.0,11.77,3,31
R Ravindra,2,12,7,0,0,0,5,0,0,12,2.0,3.5,999.0,999.0,41.67,0.0,0.0,0.0,0.0,0.0,7.0,0.0,12.0,12.0,3.5,0.0,0.0,0.0,0.0,0.0,0,3
R Sai Kishore,25,453,655,32,12,0,130,35,40,441,73.3,8.91,20.47,13.78,28.7,33.0,1.0,18.0,18.0,11.0,477.0,22.0,351.0,342.0,8.37,145.0,9.0,84.0,81.0,10.74,4,33
R Sanjay Yadav,1,14,23,0,2,0,6,3,1,12,2.0,11.5,999.0,999.0,42.86,8.0,0.0,6.0,6.0,8.0,15.0,0.0,8.0,6.0,15.0,0.0,0.0,0.0,0.0,0.0,0,23
R Sathish,14,144,233,6,5,0,30,18,10,139,23.1,10.06,38.83,23.17,20.83,0.0,0.0,0.0,0.0,0.0,154.0,5.0,117.0,114.0,8.11,79.0,1.0,27.0,25.0,18.96,2,51
R Sharma,44,935,1100,42,7,0,334,70,45,928,154.4,7.11,26.19,22.1,35.72,101.0,2.0,90.0,90.0,6.73,769.0,32.0,689.0,684.0,6.75,230.0,8.0,156.0,154.0,8.96,3,13
R Shepherd,15,223,416,12,13,0,63,32,28,210,35.0,11.89,34.67,17.5,28.25,37.0,2.0,25.0,24.0,9.25,281.0,5.0,151.0,144.0,11.71,98.0,5.0,47.0,42.0,14.0,3,42
R Shukla,7,130,217,7,7,3,38,21,9,120,20.0,10.85,31.0,17.14,29.23,79.0,4.0,55.0,54.0,8.78,65.0,1.0,40.0,36.0,10.83,73.0,2.0,35.0,30.0,14.6,2,27
R Tewatia,52,866,1117,36,21,2,264,54,61,843,140.3,7.95,31.03,23.42,30.48,15.0,0.0,12.0,12.0,7.5,1047.0,32.0,808.0,786.0,7.99,55.0,4.0,46.0,45.0,7.33,3,18
R Vinay Kumar,104,2186,3041,127,48,11,763,296,100,2127,354.3,8.58,23.94,16.75,34.9,930.0,33.0,770.0,756.0,7.38,939.0,32.0,730.0,714.0,7.89,1172.0,62.0,686.0,657.0,10.7,5,40
RA Jadeja,225,4127,5242,179,64,7,1292,313,224,4056,676.0,7.75,29.28,22.66,31.31,199.0,6.0,147.0,144.0,8.29,4258.0,140.0,3438.0,3384.0,7.55,785.0,33.0,542.0,528.0,8.92,5,16
RA Shaikh,1,6,11,0,0,0,1,2,0,6,1.0,11.0,999.0,999.0,16.67,11.0,0.0,6.0,6.0,11.0,0.0,0.0,0.0,0.0,0.0,0.0,0.0,0.0,0.0,0.0,0,11
RA Tripathi,1,6,12,0,0,0,0,2,0,6,1.0,12.0,999.0,999.0,0.0,0.0,0.0,0.0,0.0,0.0,12.0,0.0,6.0,6.0,12.0,0.0,0.0,0.0,0.0,0.0,0,12
RD Chahar,78,1703,2174,76,32,1,576,140,98,1670,278.2,7.81,28.61,21.97,33.82,95.0,3.0,73.0,72.0,7.92,1856.0,58.0,1460.0,1434.0,7.77,223.0,15.0,170.0,164.0,8.16,4,31
RE van der Merwe,21,455,515,25,12,0,148,25,17,443,73.5,6.98,20.6,17.72,32.53,60.0,4.0,38.0,36.0,10.0,322.0,14.0,319.0,312.0,6.19,133.0,7.0,98.0,95.0,8.4,3,20
RG More,2,37,63,1,2,0,4,5,1,35,5.5,10.8,63.0,35.0,10.81,15.0,0.0,6.0,6.0,15.0,18.0,1.0,13.0,12.0,9.0,30.0,0.0,18.0,17.0,10.59,1,35
RG Sharma,32,349,462,16,10,0,88,29,14,339,56.3,8.18,28.88,21.19,25.21,68.0,2.0,53.0,50.0,8.16,322.0,7.0,246.0,240.0,8.05,72.0,7.0,50.0,49.0,8.82,4,7
RJ Gleeson,3,73,111,2,4,1,24,14,3,68,11.2,9.79,55.5,34.0,32.88,40.0,1.0,26.0,24.0,10.0,21.0,0.0,19.0,18.0,7.0,50.0,1.0,28.0,26.0,11.54,1,31
RJ Harris,37,865,1085,47,32,1,364,119,27,832,138.4,7.82,23.09,17.7,42.08,480.0,14.0,449.0,426.0,6.76,171.0,6.0,135.0,132.0,7.77,434.0,27.0,281.0,274.0,9.5,4,34
RJ Peterson,4,48,70,3,0,0,21,5,5,48,8.0,8.75,23.33,16.0,43.75,10.0,0.0,12.0,12.0,5.0,21.0,1.0,18.0,18.0,7.0,39.0,2.0,18.0,18.0,13.0,3,37
RJW Topley,6,125,222,5,5,0,44,23,13,120,20.0,11.1,44.4,24.0,35.2,91.0,2.0,61.0,60.0,9.1,62.0,1.0,33.0,30.0,12.4,69.0,2.0,31.0,30.0,13.8,2,27
RN ten Doeschate,10,83,94,3,5,0,22,4,3,78,13.0,7.23,31.33,26.0,26.51,0.0,0.0,0.0,0.0,0.0,82.0,3.0,76.0,72.0,6.83,12.0,0.0,7.0,6.0,12.0,1,24
RP Meredith,18,415,621,21,25,2,147,63,26,388,64.4,9.6,29.57,18.48,35.42,158.0,2.0,114.0,108.0,8.78,219.0,5.0,157.0,150.0,8.76,244.0,14.0,144.0,130.0,11.26,3,27
RP Singh,82,1874,2417,100,86,13,744,254,70,1775,295.5,8.17,24.17,17.75,39.7,1237.0,35.0,1060.0,1002.0,7.41,343.0,10.0,258.0,246.0,8.37,837.0,55.0,556.0,527.0,9.53,5,22
RR Bhatkal,1,12,35,0,0,0,0,2,3,12,2.0,17.5,999.0,999.0,0.0,20.0,0.0,6.0,6.0,20.0,15.0,0.0,6.0,6.0,15.0,0.0,0.0,0.0,0.0,0.0,0,35
RR Bose,1,12,24,0,0,0,5,5,0,12,2.0,12.0,999.0,999.0,41.67,24.0,0.0,12.0,12.0,12.0,0.0,0.0,0.0,0.0,0.0,0.0,0.0,0.0,0.0,0.0,0,24
RR Powar,26,443,538,15,16,1,166,41,18,426,71.0,7.58,35.87,28.4,37.47,171.0,6.0,140.0,132.0,7.77,332.0,7.0,279.0,270.0,7.38,35.0,2.0,24.0,24.0,8.75,2,23
RR Raje,10,144,214,7,4,1,39,23,4,139,23.1,9.24,30.57,19.86,27.08,9.0,0.0,7.0,6.0,9.0,141.0,6.0,99.0,96.0,8.81,64.0,1.0,38.0,37.0,10.38,2,19
RS Bopara,14,213,301,13,7,0,61,25,10,206,34.2,8.77,23.15,15.85,28.64,0.0,0.0,0.0,0.0,0.0,231.0,11.0,171.0,164.0,8.45,70.0,2.0,42.0,42.0,10.0,3,31
RS Gavaskar,1,6,8,0,0,0,2,1,0,6,1.0,8.0,999.0,999.0,33.33,0.0,0.0,0.0,0.0,0.0,0.0,0.0,0.0,0.0,0.0,8.0,0.0,6.0,6.0,8.0,0,8
RS Hangargekar,2,43,60,3,6,1,14,6,2,36,6.0,10.0,20.0,12.0,32.56,12.0,1.0,8.0,6.0,12.0,32.0,1.0,20.0,18.0,10.67,16.0,1.0,15.0,12.0,8.0,3,36
RV Gomez,9,97,130,6,1,0,37,10,7,96,16.0,8.12,21.67,16.0,38.14,0.0,0.0,0.0,0.0,0.0,105.0,4.0,85.0,84.0,7.5,25.0,2.0,12.0,12.0,12.5,2,14
RV Patel,1,20,22,0,2,0,5,2,0,18,3.0,7.33,999.0,999.0,25.0,0.0,0.0,0.0,0.0,0.0,11.0,0.0,13.0,12.0,5.5,11.0,0.0,7.0,6.0,11.0,0,22
RW Price,1,18,33,0,0,0,1,2,2,18,3.0,11.0,999.0,999.0,5.56,14.0,0.0,6.0,6.0,14.0,19.0,0.0,12.0,12.0,9.5,0.0,0.0,0.0,0.0,0.0,0,33
Ramandeep Singh,4,45,64,6,5,0,12,5,3,40,6.4,9.6,10.67,6.67,26.67,0.0,0.0,0.0,0.0,0.0,23.0,2.0,19.0,18.0,7.67,41.0,4.0,26.0,22.0,11.18,3,20
Rashid Khan,136,3237,3863,166,35,0,1148,246,161,3202,533.4,7.24,23.27,19.29,35.46,468.0,16.0,355.0,349.0,8.05,2573.0,107.0,2298.0,2277.0,6.78,822.0,43.0,584.0,576.0,8.56,5,24
Rasikh Salam,13,245,412,10,12,2,69,32,25,231,38.3,10.7,41.2,23.1,28.16,96.0,0.0,56.0,54.0,10.67,198.0,7.0,121.0,114.0,10.42,118.0,3.0,68.0,63.0,11.24,3,44
Ravi Bishnoi,76,1693,2263,77,55,5,559,166,102,1633,272.1,8.31,29.39,21.21,33.02,183.0,3.0,129.0,120.0,9.15,1706.0,53.0,1317.0,1272.0,8.05,374.0,21.0,247.0,241.0,9.31,3,32
S Aravind,38,788,1057,48,27,1,290,105,38,760,126.4,8.34,22.02,15.83,36.8,543.0,21.0,442.0,426.0,7.65,270.0,11.0,192.0,186.0,8.71,244.0,16.0,154.0,148.0,9.89,4,14
S Badree,12,263,329,11,5,0,109,28,14,258,43.0,7.65,29.91,23.45,41.44,196.0,7.0,160.0,156.0,7.54,129.0,4.0,97.0,96.0,8.06,4.0,0.0,6.0,6.0,4.0,4,10
S Dhawan,6,49,72,4,1,0,17,7,3,48,8.0,9.0,18.0,12.0,34.69,31.0,1.0,18.0,18.0,10.33,41.0,3.0,31.0,30.0,8.2,0.0,0.0,0.0,0.0,0.0,1,8
S Dube,15,130,223,6,6,0,24,15,10,124,20.4,10.79,37.17,20.67,18.46,0.0,0.0,0.0,0.0,0.0,147.0,2.0,87.0,84.0,10.5,76.0,4.0,43.0,40.0,11.4,3,17
S Gopal,51,1000,1358,53,8,1,317,77,74,991,165.1,8.22,25.62,18.7,31.7,151.0,8.0,114.0,114.0,7.95,1144.0,39.0,830.0,822.0,8.35,63.0,6.0,56.0,55.0,6.87,4,16
S Joseph,1,30,51,0,3,3,9,4,2,24,4.0,12.75,999.0,999.0,30.0,27.0,0.0,16.0,12.0,13.5,24.0,0.0,14.0,12.0,12.0,0.0,0.0,0.0,0.0,0.0,0,51
S Kaul,55,1238,1772,63,23,6,387,166,65,1209,201.3,8.79,28.13,19.19,31.26,531.0,13.0,354.0,348.0,9.16,619.0,16.0,459.0,444.0,8.36,622.0,34.0,425.0,417.0,8.95,4,30
S Kaushik,10,210,304,6,5,1,68,25,14,204,34.0,8.94,50.67,34.0,32.38,41.0,0.0,19.0,18.0,13.67,204.0,6.0,167.0,162.0,7.56,59.0,0.0,24.0,24.0,14.75,3,20
S Ladda,9,141,225,5,2,1,48,12,17,138,23.0,9.78,45.0,27.6,34.04,28.0,1.0,18.0,18.0,9.33,125.0,1.0,87.0,84.0,8.93,72.0,3.0,36.0,36.0,12.0,2,45
S Lamichhane,9,211,297,14,1,0,75,21,17,210,35.0,8.49,21.21,15.0,35.55,104.0,5.0,72.0,72.0,8.67,141.0,8.0,108.0,108.0,7.83,52.0,1.0,31.0,30.0,10.4,3,36
S Midhun,1,13,29,0,1,0,3,2,2,12,2.0,14.5,999.0,999.0,23.08,0.0,0.0,0.0,0.0,0.0,29.0,0.0,13.0,12.0,14.5,0.0,0.0,0.0,0.0,0.0,0,29
S Nadeem,70,1444,1800,54,25,4,453,114,73,1415,235.5,7.63,33.33,26.2,31.37,414.0,10.0,310.0,300.0,8.28,1205.0,38.0,1017.0,1001.0,7.22,181.0,6.0,117.0,114.0,9.53,3,16
S Narwal,6,113,203,6,7,0,37,17,13,106,17.4,11.49,33.83,17.67,32.74,106.0,4.0,69.0,66.0,9.64,38.0,0.0,26.0,22.0,10.36,59.0,2.0,18.0,18.0,19.67,4,36
S Rana,3,16,18,0,0,0,5,2,0,16,2.4,6.75,999.0,999.0,31.25,0.0,0.0,0.0,0.0,0.0,16.0,0.0,12.0,12.0,8.0,2.0,0.0,4.0,4.0,3.0,0,2
S Randiv,8,180,223,8,6,0,60,20,5,174,29.0,7.69,27.88,21.75,33.33,21.0,0.0,14.0,12.0,10.5,175.0,5.0,148.0,144.0,7.29,27.0,3.0,18.0,18.0,9.0,2,33
S Sandeep Warrier,10,176,257,8,6,2,72,25,14,168,28.0,9.18,32.12,21.0,40.91,212.0,8.0,144.0,138.0,9.22,45.0,0.0,32.0,30.0,9.0,0.0,0.0,0.0,0.0,0.0,3,15
S Sreesanth,44,947,1221,43,44,23,399,130,39,880,146.4,8.33,28.4,20.47,42.13,739.0,29.0,624.0,570.0,7.78,226.0,5.0,182.0,174.0,7.79,256.0,9.0,141.0,136.0,11.29,3,30
S Sriram,2,18,49,0,0,0,2,4,4,18,3.0,16.33,999.0,999.0,11.11,0.0,0.0,0.0,0.0,0.0,49.0,0.0,18.0,18.0,16.33,0.0,0.0,0.0,0.0,0.0,0,24
S Tyagi,14,220,304,6,8,3,93,34,12,209,34.5,8.73,50.67,34.83,42.27,234.0,5.0,174.0,168.0,8.36,38.0,1.0,33.0,30.0,7.6,32.0,0.0,13.0,11.0,17.45,2,19
S Vidyut,1,13,22,1,1,0,5,1,2,12,2.0,11.0,22.0,12.0,38.46,0.0,0.0,0.0,0.0,0.0,22.0,1.0,13.0,12.0,11.0,0.0,0.0,0.0,0.0,0.0,1,22
SA Abbott,3,59,104,1,5,0,13,13,3,54,9.0,11.56,104.0,54.0,22.03,55.0,1.0,31.0,30.0,11.0,31.0,0.0,21.0,18.0,10.33,18.0,0.0,7.0,6.0,18.0,1,47
SA Yadav,1,6,8,0,0,0,2,1,0,6,1.0,8.0,999.0,999.0,33.33,8.0,0.0,6.0,6.0,8.0,0.0,0.0,0.0,0.0,0.0,0.0,0.0,0.0,0.0,0.0,0,8
SB Bangar,9,153,221,6,3,0,55,24,7,150,25.0,8.84,36.83,25.0,35.95,13.0,2.0,18.0,18.0,4.33,151.0,3.0,111.0,108.0,8.39,57.0,1.0,24.0,24.0,14.25,2,35
SB Jakati,57,1101,1474,50,14,2,337,97,60,1085,180.5,8.15,29.48,21.7,30.61,139.0,1.0,97.0,96.0,8.69,1126.0,38.0,873.0,858.0,7.87,209.0,11.0,131.0,131.0,9.57,4,25
SB Joshi,4,55,82,1,0,0,18,6,5,55,9.1,8.95,82.0,55.0,32.73,0.0,0.0,0.0,0.0,0.0,69.0,0.0,48.0,48.0,8.62,13.0,1.0,7.0,7.0,11.14,1,27
SB Styris,11,222,278,9,6,0,83,19,14,216,36.0,7.72,30.89,24.0,37.39,45.0,1.0,45.0,42.0,6.43,118.0,1.0,111.0,108.0,6.56,115.0,7.0,66.0,66.0,10.45,3,32
SB Wagh,8,108,147,5,6,0,45,21,2,102,17.0,8.65,29.4,20.4,41.67,120.0,4.0,92.0,90.0,8.0,0.0,0.0,0.0,0.0,0.0,27.0,1.0,16.0,12.0,13.5,3,16
SC Ganguly,20,280,370,12,3,1,75,25,14,276,46.0,8.04,30.83,23.0,26.79,32.0,0.0,19.0,18.0,10.67,305.0,12.0,249.0,246.0,7.44,33.0,0.0,12.0,12.0,16.5,3,23
SC Kuggeleijn,2,50,71,2,2,0,17,6,3,48,8.0,8.88,35.5,24.0,34.0,11.0,0.0,6.0,6.0,11.0,27.0,0.0,19.0,18.0,9.0,33.0,2.0,25.0,24.0,8.25,2,37
SD Chitnis,2,38,62,2,2,0,9,4,3,36,6.0,10.33,31.0,18.0,23.68,13.0,0.0,7.0,6.0,13.0,40.0,1.0,24.0,24.0,10.0,9.0,1.0,7.0,6.0,9.0,2,41
SE Bond,8,191,225,9,5,0,75,27,3,186,31.0,7.26,25.0,20.67,39.27,95.0,4.0,92.0,90.0,6.33,43.0,3.0,43.0,42.0,6.14,87.0,2.0,56.0,54.0,9.67,2,32
SE Rutherford,6,46,60,1,5,0,7,4,1,41,6.5,8.78,60.0,41.0,15.22,0.0,0.0,0.0,0.0,0.0,58.0,1.0,41.0,36.0,9.67,2.0,0.0,5.0,5.0,2.4,1,6
SH Johnson,9,172,289,5,8,0,59,30,15,164,27.2,10.57,57.8,32.8,34.3,143.0,1.0,86.0,84.0,10.21,77.0,1.0,38.0,36.0,12.83,69.0,3.0,48.0,44.0,9.41,2,25
SJ Srivastava,14,306,444,15,23,1,103,50,13,282,47.0,9.45,29.6,18.8,33.66,211.0,5.0,142.0,132.0,9.59,145.0,4.0,104.0,96.0,9.06,88.0,6.0,60.0,54.0,9.78,2,23
SK Raina,69,930,1139,30,22,0,280,71,44,908,151.2,7.53,37.97,30.27,30.11,83.0,2.0,66.0,66.0,7.55,864.0,20.0,729.0,713.0,7.27,192.0,8.0,135.0,129.0,8.93,2,20
SK Trivedi,75,1557,1944,73,42,9,492,154,51,1506,251.0,7.75,26.63,20.63,31.6,198.0,7.0,136.0,126.0,9.43,1281.0,41.0,1106.0,1074.0,7.16,465.0,25.0,315.0,306.0,9.12,4,16
SK Warne,54,1223,1465,60,29,0,426,91,56,1194,199.0,7.36,24.42,19.9,34.83,59.0,1.0,37.0,36.0,9.83,1079.0,41.0,963.0,942.0,6.87,327.0,18.0,223.0,216.0,9.08,4,22
SL Malinga,122,2974,3486,188,129,18,1144,314,86,2827,471.1,7.4,18.54,15.04,38.47,1210.0,40.0,1164.0,1110.0,6.54,750.0,26.0,636.0,600.0,7.5,1526.0,122.0,1174.0,1117.0,8.2,5,13
SM Boland,2,43,56,3,1,0,14,6,1,42,7.0,8.0,18.67,14.0,32.56,22.0,1.0,18.0,18.0,7.33,10.0,0.0,6.0,6.0,10.0,24.0,2.0,19.0,18.0,8.0,3,31
SM Curran,63,1308,2059,63,48,7,394,197,89,1253,208.5,9.86,32.68,19.89,30.12,796.0,12.0,590.0,570.0,8.38,516.0,15.0,306.0,294.0,10.53,747.0,36.0,412.0,389.0,11.52,4,13
SM Harwood,3,67,74,3,7,0,33,6,2,60,10.0,7.4,24.67,20.0,49.25,7.0,1.0,19.0,18.0,2.33,21.0,1.0,22.0,18.0,7.0,46.0,1.0,26.0,24.0,11.5,2,26
SM Pollock,13,280,307,13,4,0,130,30,9,276,46.0,6.67,23.62,21.23,46.43,213.0,9.0,208.0,204.0,6.26,86.0,4.0,66.0,66.0,7.82,8.0,0.0,6.0,6.0,8.0,4,12
SMSM Senanayake,8,195,211,9,3,0,73,17,5,192,32.0,6.59,23.44,21.33,37.44,111.0,4.0,129.0,126.0,5.29,66.0,3.0,42.0,42.0,9.43,34.0,2.0,24.0,24.0,8.5,2,28
SN Khan,1,2,6,0,0,0,0,1,0,2,0.2,18.0,999.0,999.0,0.0,0.0,0.0,0.0,0.0,0.0,0.0,0.0,0.0,0.0,0.0,6.0,0.0,2.0,2.0,18.0,0,6
SN Thakur,102,2205,3284,115,124,11,699,312,129,2070,345.0,9.52,28.56,18.0,31.7,1094.0,28.0,728.0,700.0,9.38,909.0,31.0,698.0,657.0,8.3,1281.0,56.0,779.0,713.0,10.78,4,37
SP Narine,187,4421,5029,212,64,6,1653,318,188,4351,725.1,6.93,23.72,20.52,37.39,1071.0,28.0,945.0,924.0,6.95,2644.0,99.0,2402.0,2376.0,6.68,1314.0,85.0,1074.0,1051.0,7.5,5,20
SPD Smith,1,2,5,0,0,0,0,1,0,2,0.2,15.0,999.0,999.0,0.0,0.0,0.0,0.0,0.0,0.0,0.0,0.0,0.0,0.0,0.0,5.0,0.0,2.0,2.0,15.0,0,5
SR Tendulkar,4,37,59,0,1,0,4,6,1,36,6.0,9.83,999.0,999.0,10.81,0.0,0.0,0.0,0.0,0.0,40.0,0.0,31.0,30.0,8.0,19.0,0.0,6.0,6.0,19.0,0,11
SR Watson,105,2137,2742,107,95,13,803,293,74,2029,338.1,8.11,25.63,18.96,37.58,1015.0,35.0,872.0,834.0,7.3,766.0,17.0,634.0,618.0,7.44,961.0,55.0,631.0,577.0,9.99,4,23
SS Agarwal,1,24,42,1,0,0,7,3,3,24,4.0,10.5,42.0,24.0,29.17,11.0,0.0,6.0,6.0,11.0,31.0,1.0,18.0,18.0,10.33,0.0,0.0,0.0,0.0,0.0,1,42
SS Cottrell,6,131,177,6,11,0,58,19,8,120,20.0,8.85,29.5,20.0,44.27,108.0,4.0,92.0,84.0,7.71,21.0,0.0,20.0,18.0,7.0,48.0,2.0,19.0,18.0,16.0,2,24
SS Iyer,1,6,7,0,0,0,4,0,1,6,1.0,7.0,999.0,999.0,66.67,0.0,0.0,0.0,0.0,0.0,0.0,0.0,0.0,0.0,0.0,7.0,0.0,6.0,6.0,7.0,0,7
SS Mundhe,1,7,6,1,1,0,4,1,0,6,1.0,6.0,6.0,6.0,57.14,6.0,1.0,7.0,6.0,6.0,0.0,0.0,0.0,0.0,0.0,0.0,0.0,0.0,0.0,0.0,1,6
SS Sarkar,2,25,34,1,0,0,4,4,0,25,4.1,8.16,34.0,25.0,16.0,15.0,0.0,6.0,6.0,15.0,6.0,0.0,6.0,6.0,6.0,13.0,1.0,13.0,13.0,6.0,1,15
SSB Magala,2,37,52,1,1,0,5,5,0,36,6.0,8.67,52.0,36.0,13.51,28.0,0.0,12.0,12.0,14.0,14.0,0.0,13.0,12.0,7.0,10.0,1.0,12.0,12.0,5.0,1,38
ST Jayasuriya,21,301,396,16,7,0,83,22,16,294,49.0,8.08,24.75,18.38,27.57,10.0,0.0,6.0,6.0,10.0,299.0,12.0,234.0,228.0,7.87,87.0,4.0,61.0,60.0,8.7,4,14
STR Binny,63,611,763,28,16,1,199,76,14,594,99.0,7.71,27.25,21.21,32.57,194.0,8.0,160.0,156.0,7.46,472.0,17.0,390.0,378.0,7.49,97.0,3.0,61.0,60.0,9.7,3,14
SW Tait,21,534,668,26,52,9,200,71,12,473,78.5,8.47,25.69,18.19,37.45,304.0,7.0,265.0,228.0,8.0,148.0,4.0,110.0,95.0,9.35,216.0,15.0,159.0,150.0,8.64,4,25
SZ Mulani,2,33,57,0,3,0,7,2,4,30,5.0,11.4,999.0,999.0,21.21,12.0,0.0,6.0,6.0,12.0,24.0,0.0,19.0,18.0,8.0,21.0,0.0,8.0,6.0,21.0,0,24
Sachin Baby,2,10,8,3,0,0,5,1,0,10,1.4,4.8,2.67,3.33,50.0,0.0,0.0,0.0,0.0,0.0,4.0,1.0,6.0,6.0,4.0,4.0,2.0,4.0,4.0,6.0,2,4
Sandeep Sharma,136,3168,4134,163,110,13,1174,395,143,3045,507.3,8.15,25.36,18.68,37.06,2007.0,66.0,1740.0,1690.0,7.13,833.0,27.0,638.0,612.0,8.17,1294.0,70.0,790.0,743.0,10.45,5,18
Shahbaz Ahmed,45,605,953,22,15,2,152,62,53,588,98.0,9.72,43.32,26.73,25.12,246.0,2.0,153.0,150.0,9.84,654.0,15.0,410.0,399.0,9.83,53.0,5.0,42.0,39.0,8.15,3,7
Shahid Afridi,10,185,237,9,4,1,57,19,7,180,30.0,7.9,26.33,20.0,30.81,26.0,1.0,25.0,24.0,6.5,152.0,6.0,123.0,120.0,7.6,59.0,2.0,37.0,36.0,9.83,3,28
Shakib Al Hasan,70,1515,1864,71,31,0,504,120,78,1484,247.2,7.54,26.25,20.9,33.27,571.0,19.0,455.0,450.0,7.61,981.0,38.0,855.0,840.0,7.01,312.0,14.0,205.0,194.0,9.65,3,28
Shashank Singh,4,31,52,1,1,0,5,6,1,30,5.0,10.4,52.0,30.0,16.13,0.0,0.0,0.0,0.0,0.0,36.0,1.0,25.0,24.0,9.0,16.0,0.0,6.0,6.0,16.0,1,5
Shivam Mavi,32,687,958,33,32,6,254,92,38,649,108.1,8.86,29.03,19.67,36.97,421.0,9.0,311.0,300.0,8.42,185.0,9.0,167.0,162.0,6.85,352.0,15.0,209.0,187.0,11.29,4,21
Shivam Sharma,5,114,165,4,0,0,37,9,10,114,19.0,8.68,41.25,28.5,32.46,0.0,0.0,0.0,0.0,0.0,127.0,4.0,90.0,90.0,8.47,38.0,0.0,24.0,24.0,9.5,2,26
Shoaib Ahmed,7,103,154,5,1,0,33,14,7,102,17.0,9.06,30.8,20.4,32.04,37.0,1.0,18.0,18.0,12.33,75.0,4.0,67.0,66.0,6.82,42.0,0.0,18.0,18.0,14.0,2,22
Shoaib Akhtar,3,46,54,5,4,0,23,6,2,42,7.0,7.71,10.8,8.4,50.0,54.0,5.0,46.0,42.0,7.71,0.0,0.0,0.0,0.0,0.0,0.0,0.0,0.0,0.0,0.0,4,11
Shoaib Malik,5,58,87,2,6,1,15,7,3,51,8.3,10.24,43.5,25.5,25.86,0.0,0.0,0.0,0.0,0.0,62.0,1.0,42.0,36.0,10.33,25.0,1.0,16.0,15.0,10.0,1,32
Sikandar Raza,7,88,146,3,3,1,21,15,4,84,14.0,10.43,48.67,28.0,23.86,28.0,0.0,13.0,12.0,14.0,118.0,3.0,75.0,72.0,9.83,0.0,0.0,0.0,0.0,0.0,1,26
Simarjeet Singh,14,256,411,12,14,2,102,36,25,240,40.0,10.28,34.25,20.0,39.84,215.0,5.0,131.0,126.0,10.24,132.0,5.0,85.0,78.0,10.15,64.0,2.0,40.0,36.0,10.67,3,26
Sohail Tanvir,11,265,275,24,17,1,121,27,7,247,41.1,6.68,11.46,10.29,45.66,145.0,6.0,146.0,132.0,6.59,8.0,0.0,12.0,12.0,4.0,122.0,18.0,107.0,103.0,7.11,6,15
Sumit Kumar,2,22,38,0,2,0,4,3,2,20,3.2,11.4,999.0,999.0,18.18,0.0,0.0,0.0,0.0,0.0,30.0,0.0,18.0,18.0,10.0,8.0,0.0,4.0,2.0,24.0,0,19
Sunny Gupta,1,19,47,0,1,0,0,4,3,18,3.0,15.67,999.0,999.0,0.0,12.0,0.0,6.0,6.0,12.0,35.0,0.0,13.0,12.0,17.5,0.0,0.0,0.0,0.0,0.0,0,47
Suryansh Shedge,1,19,40,0,0,1,1,3,2,18,3.0,13.33,999.0,999.0,5.26,0.0,0.0,0.0,0.0,0.0,14.0,0.0,12.0,12.0,7.0,26.0,0.0,7.0,6.0,26.0,0,40
Suyash Sharma,27,569,835,20,10,1,178,63,42,558,93.0,8.98,41.75,27.9,31.28,22.0,3.0,18.0,18.0,7.33,685.0,15.0,476.0,468.0,8.78,128.0,2.0,75.0,72.0,10.67,3,30
Swapnil Singh,14,165,241,7,2,1,39,14,12,162,27.0,8.93,34.43,23.14,23.64,62.0,5.0,43.0,42.0,8.86,179.0,2.0,122.0,120.0,8.95,0.0,0.0,0.0,0.0,0.0,2,40
T Henderson,2,36,41,1,0,0,14,5,0,36,6.0,6.83,41.0,36.0,38.89,0.0,0.0,0.0,0.0,0.0,13.0,1.0,18.0,18.0,4.33,28.0,0.0,18.0,18.0,9.33,1,30
T Natarajan,63,1426,2054,77,63,1,423,184,78,1362,227.0,9.05,26.68,17.69,29.66,535.0,17.0,389.0,378.0,8.49,567.0,12.0,450.0,427.0,7.97,952.0,48.0,587.0,557.0,10.25,4,19
T Shamsi,5,120,185,3,0,0,28,14,8,120,20.0,9.25,61.67,40.0,23.33,0.0,0.0,0.0,0.0,0.0,143.0,2.0,102.0,102.0,8.41,42.0,1.0,18.0,18.0,14.0,1,37
T Stubbs,5,37,69,4,1,0,12,4,6,36,6.0,11.5,17.25,9.0,32.43,0.0,0.0,0.0,0.0,0.0,64.0,4.0,31.0,30.0,12.8,5.0,0.0,6.0,6.0,5.0,2,11
T Thushara,6,144,164,10,7,2,57,15,4,135,22.3,7.29,16.4,13.5,39.58,60.0,3.0,63.0,60.0,6.0,24.0,1.0,33.0,30.0,4.8,80.0,6.0,48.0,45.0,10.67,4,29
TA Boult,119,2785,3806,151,96,2,1110,429,126,2687,447.5,8.5,25.21,17.79,39.86,1980.0,73.0,1662.0,1612.0,7.37,538.0,17.0,371.0,354.0,9.12,1288.0,61.0,752.0,721.0,10.72,4,18
TG Southee,54,1262,1774,57,52,4,447,175,62,1206,201.0,8.83,31.12,21.16,35.42,863.0,21.0,662.0,636.0,8.14,289.0,11.0,232.0,222.0,7.81,622.0,25.0,368.0,348.0,10.72,5,31
TK Curran,13,252,432,13,11,3,57,33,23,238,39.4,10.89,33.23,18.31,22.62,67.0,1.0,44.0,42.0,9.57,132.0,5.0,89.0,85.0,9.32,233.0,7.0,119.0,111.0,12.59,3,29
TL Suman,11,152,198,7,0,2,43,8,10,150,25.0,7.92,28.29,21.43,28.29,6.0,0.0,6.0,6.0,6.0,144.0,5.0,121.0,120.0,7.2,48.0,2.0,25.0,24.0,12.0,2,14
TM Dilshan,25,275,368,5,4,0,79,27,15,271,45.1,8.15,73.6,54.2,28.73,62.0,0.0,44.0,42.0,8.86,275.0,4.0,206.0,204.0,8.09,31.0,1.0,25.0,25.0,7.44,1,3
TM Head,6,58,113,3,0,0,9,6,8,58,9.4,11.69,37.67,19.33,15.52,0.0,0.0,0.0,0.0,0.0,86.0,0.0,40.0,40.0,12.9,27.0,3.0,18.0,18.0,9.0,2,30
TP Sudhindra,3,74,137,1,3,1,18,9,9,70,11.4,11.74,137.0,70.0,24.32,40.0,0.0,26.0,24.0,10.0,47.0,1.0,26.0,24.0,11.75,50.0,0.0,22.0,22.0,13.64,1,47
TS Mills,10,218,349,11,9,0,69,37,14,209,34.5,10.02,31.73,19.0,31.65,106.0,6.0,78.0,72.0,8.83,133.0,1.0,73.0,72.0,11.08,110.0,4.0,67.0,65.0,10.15,3,35
TU Deshpande,46,1043,1617,55,71,7,341,158,69,965,160.5,10.05,29.4,17.55,32.69,702.0,18.0,491.0,474.0,8.89,299.0,7.0,202.0,180.0,9.97,616.0,30.0,350.0,311.0,11.88,4,27
Tejas Baroka,1,21,33,0,0,0,6,2,2,21,3.3,9.43,999.0,999.0,28.57,8.0,0.0,6.0,6.0,8.0,16.0,0.0,12.0,12.0,8.0,9.0,0.0,3.0,3.0,18.0,0,33
Tilak Varma,4,23,28,0,1,0,8,4,0,22,3.4,7.64,999.0,999.0,34.78,7.0,0.0,6.0,6.0,7.0,13.0,0.0,13.0,12.0,6.5,8.0,0.0,4.0,4.0,12.0,0,6
UT Yadav,147,3190,4442,163,110,24,1186,473,151,3056,509.2,8.72,27.25,18.75,37.18,1926.0,61.0,1512.0,1452.0,7.96,1204.0,37.0,901.0,872.0,8.28,1312.0,65.0,777.0,732.0,10.75,4,21
Umar Gul,6,153,198,14,12,6,51,17,5,135,22.3,8.8,14.14,9.64,33.33,42.0,5.0,42.0,36.0,7.0,68.0,4.0,58.0,54.0,7.56,88.0,5.0,53.0,45.0,11.73,4,36
Umran Malik,26,519,785,31,22,4,205,93,29,493,82.1,9.55,25.32,15.9,39.5,95.0,0.0,32.0,30.0,19.0,563.0,24.0,412.0,390.0,8.66,127.0,7.0,75.0,73.0,10.44,5,28
V Kaverappa,1,24,36,2,0,0,11,2,3,24,4.0,9.0,18.0,12.0,45.83,20.0,2.0,18.0,18.0,6.67,16.0,0.0,6.0,6.0,16.0,0.0,0.0,0.0,0.0,0.0,2,36
V Kohli,26,264,371,5,7,6,52,25,11,251,41.5,8.87,74.2,50.2,19.7,0.0,0.0,0.0,0.0,0.0,315.0,4.0,237.0,225.0,8.4,56.0,1.0,27.0,26.0,12.92,2,25
V Nigam,13,244,361,12,6,4,72,22,21,234,39.0,9.26,30.08,19.5,29.51,76.0,5.0,50.0,48.0,9.5,248.0,5.0,155.0,150.0,9.92,37.0,2.0,39.0,36.0,6.17,2,27
V Pratap Singh,9,211,300,12,7,0,71,31,10,204,34.0,8.82,25.0,17.0,33.65,140.0,3.0,100.0,96.0,8.75,89.0,3.0,68.0,66.0,8.09,71.0,6.0,43.0,42.0,10.14,3,31
V Puthur,5,73,109,6,1,0,24,4,9,72,12.0,9.08,18.17,12.0,32.88,0.0,0.0,0.0,0.0,0.0,85.0,6.0,60.0,60.0,8.5,24.0,0.0,13.0,12.0,12.0,3,32
V Sehwag,15,138,236,6,1,1,44,19,16,136,22.4,10.41,39.33,22.67,31.88,47.0,0.0,14.0,12.0,23.5,139.0,4.0,102.0,102.0,8.18,50.0,2.0,22.0,22.0,13.64,2,18
V Shankar,22,258,344,12,15,5,80,29,12,238,39.4,8.67,28.67,19.83,31.01,14.0,0.0,11.0,8.0,10.5,264.0,9.0,196.0,185.0,8.56,66.0,3.0,51.0,45.0,8.8,2,19
V Viyaskanth,3,60,90,1,0,0,16,4,6,60,10.0,9.0,90.0,60.0,26.67,0.0,0.0,0.0,0.0,0.0,90.0,1.0,60.0,60.0,9.0,0.0,0.0,0.0,0.0,0.0,1,41
VG Arora,32,690,1029,39,42,10,237,111,39,638,106.2,9.68,26.38,16.36,34.35,630.0,18.0,455.0,426.0,8.87,153.0,5.0,85.0,78.0,11.77,246.0,16.0,150.0,134.0,11.01,3,27
VR Aaron,50,1065,1527,46,63,8,387,159,52,994,165.4,9.22,33.2,21.61,36.34,569.0,15.0,407.0,384.0,8.89,552.0,15.0,427.0,402.0,8.24,406.0,16.0,231.0,208.0,11.71,3,16
VR Iyer,9,84,145,3,2,1,15,12,7,81,13.3,10.74,48.33,27.0,17.86,0.0,0.0,0.0,0.0,0.0,90.0,1.0,49.0,48.0,11.25,55.0,2.0,35.0,33.0,10.0,2,30
VRV Singh,18,371,549,16,7,4,114,58,16,360,60.0,9.15,34.31,22.5,30.73,136.0,1.0,81.0,78.0,10.46,250.0,4.0,179.0,174.0,8.62,163.0,11.0,111.0,108.0,9.06,3,29
VS Malik,13,212,268,6,5,2,84,30,6,205,34.1,7.84,44.67,34.17,39.62,157.0,4.0,130.0,126.0,7.48,99.0,2.0,75.0,72.0,8.25,12.0,0.0,7.0,7.0,10.29,2,14
VS Yeligati,2,32,61,0,2,0,6,7,2,30,5.0,12.2,999.0,999.0,18.75,13.0,0.0,6.0,6.0,13.0,35.0,0.0,20.0,18.0,11.67,13.0,0.0,6.0,6.0,13.0,0,16
VY Mahesh,17,359,511,22,13,7,120,47,20,339,56.3,9.04,23.23,15.41,33.43,149.0,4.0,82.0,78.0,11.46,281.0,7.0,213.0,198.0,8.52,81.0,11.0,64.0,63.0,7.71,5,36
Vijaykumar Vyshak,16,356,577,21,21,2,94,43,31,333,55.3,10.4,27.48,15.86,26.4,66.0,2.0,44.0,42.0,9.43,336.0,11.0,223.0,210.0,9.6,175.0,8.0,89.0,81.0,12.96,4,24
Vivrant Sharma,2,21,37,0,2,1,5,1,3,18,3.0,12.33,999.0,999.0,23.81,0.0,0.0,0.0,0.0,0.0,37.0,0.0,21.0,18.0,12.33,0.0,0.0,0.0,0.0,0.0,0,18
W O'Rourke,3,64,132,6,2,0,15,16,6,62,10.2,12.77,22.0,10.33,23.44,52.0,2.0,25.0,24.0,13.0,50.0,2.0,25.0,24.0,12.5,30.0,2.0,14.0,14.0,12.86,3,27
WA Mota,7,75,98,4,2,1,24,4,5,72,12.0,8.17,24.5,18.0,32.0,0.0,0.0,0.0,0.0,0.0,50.0,3.0,50.0,48.0,6.25,48.0,1.0,25.0,24.0,12.0,1,24
WD Parnell,33,758,968,40,29,6,296,102,24,723,120.3,8.03,24.2,18.08,39.05,490.0,16.0,393.0,372.0,7.9,141.0,3.0,122.0,120.0,7.05,337.0,21.0,243.0,231.0,8.75,4,36
WG Jacks,13,145,221,8,6,1,42,17,11,138,23.0,9.61,27.62,17.25,28.97,60.0,2.0,37.0,36.0,10.0,149.0,6.0,101.0,96.0,9.31,12.0,0.0,7.0,6.0,12.0,2,14
WPUJC Vaas,13,288,364,22,4,2,128,40,13,282,47.0,7.74,16.55,12.82,44.44,211.0,17.0,200.0,198.0,6.39,57.0,1.0,39.0,36.0,9.5,96.0,4.0,49.0,48.0,12.0,3,52
Washington Sundar,63,1131,1447,41,10,2,371,97,65,1119,186.3,7.76,35.29,27.29,32.8,547.0,14.0,391.0,384.0,8.55,773.0,22.0,659.0,654.0,7.09,127.0,5.0,81.0,81.0,9.41,3,16
XC Bartlett,4,60,96,2,0,0,28,11,5,60,10.0,9.6,48.0,30.0,46.67,72.0,2.0,48.0,48.0,9.0,24.0,0.0,12.0,12.0,12.0,0.0,0.0,0.0,0.0,0.0,1,30
Y Gnaneswara Rao,1,6,7,0,0,0,3,1,0,6,1.0,7.0,999.0,999.0,50.0,0.0,0.0,0.0,0.0,0.0,7.0,0.0,6.0,6.0,7.0,0.0,0.0,0.0,0.0,0.0,0,7
Y Nagar,8,72,125,4,2,4,16,11,6,66,11.0,11.36,31.25,16.5,22.22,10.0,0.0,6.0,6.0,10.0,115.0,4.0,66.0,60.0,11.5,0.0,0.0,0.0,0.0,0.0,2,20
Y Prithvi Raj,2,33,57,1,3,0,8,6,2,30,5.0,11.4,57.0,30.0,24.24,33.0,0.0,13.0,12.0,16.5,24.0,1.0,20.0,18.0,8.0,0.0,0.0,0.0,0.0,0.0,1,29
Y Venugopal Rao,20,222,338,7,6,0,59,30,13,216,36.0,9.39,48.29,30.86,26.58,67.0,1.0,42.0,42.0,9.57,218.0,5.0,156.0,150.0,8.72,53.0,1.0,24.0,24.0,13.25,2,25
YA Abdulla,11,222,311,15,12,1,88,32,13,209,34.5,8.93,20.73,13.93,39.64,103.0,7.0,89.0,84.0,7.36,92.0,2.0,69.0,66.0,8.36,116.0,6.0,64.0,59.0,11.8,4,31
YBK Jaiswal,1,1,6,0,0,0,0,0,1,1,0.1,36.0,999.0,999.0,0.0,0.0,0.0,0.0,0.0,0.0,0.0,0.0,0.0,0.0,0.0,6.0,0.0,1.0,1.0,36.0,0,6
YK Pathan,82,1184,1443,46,37,0,393,99,57,1147,191.1,7.55,31.37,24.93,33.19,402.0,15.0,368.0,354.0,6.81,914.0,27.0,735.0,714.0,7.68,127.0,4.0,81.0,79.0,9.65,3,22
YS Chahal,172,3905,5112,229,105,9,1266,299,250,3791,631.5,8.09,22.32,16.55,32.42,538.0,19.0,409.0,404.0,7.99,3555.0,141.0,2824.0,2744.0,7.77,1019.0,69.0,672.0,643.0,9.51,5,40
Yash Dayal,43,920,1412,45,39,10,307,139,58,871,145.1,9.73,31.38,19.36,33.37,701.0,17.0,454.0,438.0,9.6,289.0,9.0,214.0,205.0,8.46,422.0,19.0,252.0,228.0,11.11,4,20
Yash Thakur,21,475,782,28,28,4,138,64,43,443,73.5,10.59,27.93,15.82,29.05,184.0,7.0,114.0,108.0,10.22,252.0,5.0,164.0,154.0,9.82,346.0,16.0,197.0,181.0,11.47,5,31
Yudhvir Singh,9,145,257,8,6,1,54,28,13,138,23.0,11.17,32.12,17.25,37.24,148.0,6.0,88.0,84.0,10.57,73.0,1.0,39.0,36.0,12.17,36.0,1.0,18.0,18.0,12.0,3,48
Yuvraj Singh,73,882,1091,39,12,1,258,59,41,869,144.5,7.53,27.97,22.28,29.25,0.0,0.0,0.0,0.0,0.0,933.0,33.0,768.0,756.0,7.4,158.0,6.0,114.0,113.0,8.39,4,29
Z Khan,99,2276,2860,119,74,2,873,312,64,2200,366.4,7.8,24.03,18.49,38.36,1492.0,58.0,1346.0,1292.0,6.93,422.0,15.0,310.0,301.0,8.41,946.0,46.0,620.0,607.0,9.35,4,21
Zeeshan Ansari,10,209,334,8,5,1,47,24,17,203,33.5,9.87,41.75,25.38,22.49,0.0,0.0,0.0,0.0,0.0,284.0,8.0,184.0,180.0,9.47,50.0,0.0,25.0,23.0,13.04,3,42
