batter,matches,innings,total_runs,balls_faced,fours,sixes,dot_balls,ones,twos,threes,strike_rate,batting_average,boundary_pct,dot_ball_pct,fifties,hundreds,highest_score,powerplay_runs,powerplay_balls,powerplay_fours,powerplay_sixes,powerplay_sr,middle_runs,middle_balls,middle_fours,middle_sixes,middle_sr,death_runs,death_balls,death_fours,death_sixes,death_sr
A Ashish Reddy,23,23,280,196,16,15,61,83,20,1,142.86,12.17,15.82,31.12,0,0,36,5.0,7.0,1.0,0.0,71.43,61.0,41.0,2.0,5.0,148.78,214.0,148.0,13.0,10.0,144.59
A Badoni,46,46,963,740,73,38,261,297,67,4,130.14,20.93,15.0,35.27,6,0,74,29.0,50.0,2.0,1.0,58.0,420.0,353.0,31.0,14.0,118.98,514.0,337.0,40.0,23.0,152.52
A Chandila,2,2,4,7,0,0,3,4,0,0,57.14,2.0,0.0,42.86,0,0,4,0.0,0.0,0.0,0.0,0.0,0.0,0.0,0.0,0.0,0.0,4.0,7.0,0.0,0.0,57.14
A Chopra,6,6,53,75,7,0,45,21,2,0,70.67,8.83,9.33,60.0,0,0,24,27.0,41.0,4.0,0.0,65.85,25.0,32.0,3.0,0.0,78.12,1.0,2.0,0.0,0.0,50.0
A Choudhary,3,3,25,20,1,1,4,13,1,0,125.0,8.33,10.0,20.0,0,0,15,0.0,0.0,0.0,0.0,0.0,0.0,0.0,0.0,0.0,0.0,25.0,20.0,1.0,1.0,125.0
A Dananjaya,1,1,4,5,0,0,2,2,1,0,80.0,4.0,0.0,40.0,0,0,4,0.0,0.0,0.0,0.0,0.0,0.0,0.0,0.0,0.0,0.0,4.0,5.0,0.0,0.0,80.0
A Flintoff,3,3,62,57,5,2,24,23,2,1,108.77,20.67,12.28,42.11,0,0,24,14.0,15.0,1.0,1.0,93.33,23.0,24.0,2.0,0.0,95.83,25.0,18.0,2.0,1.0,138.89
A Kamboj,6,6,16,15,2,0,7,4,2,0,106.67,2.67,13.33,46.67,0,0,5,0.0,0.0,0.0,0.0,0.0,0.0,0.0,0.0,0.0,0.0,16.0,15.0,2.0,0.0,106.67
A Kumble,15,15,35,49,3,0,24,21,1,0,71.43,2.33,6.12,48.98,0,0,8,0.0,0.0,0.0,0.0,0.0,1.0,5.0,0.0,0.0,20.0,34.0,44.0,3.0,0.0,77.27
A Manohar,20,20,292,243,23,14,99,98,9,0,120.16,14.6,15.23,40.74,0,0,43,12.0,18.0,2.0,0.0,66.67,132.0,126.0,12.0,4.0,104.76,148.0,99.0,9.0,10.0,149.49
A Mhatre,7,7,240,131,31,11,45,38,6,0,183.21,34.29,32.06,34.35,1,0,94,177.0,95.0,27.0,7.0,186.32,60.0,33.0,4.0,4.0,181.82,3.0,3.0,0.0,0.0,100.0
A Mishra,55,55,381,440,31,5,199,183,22,0,86.59,6.93,8.18,45.23,0,0,31,1.0,5.0,0.0,0.0,20.0,120.0,171.0,8.0,0.0,70.18,260.0,264.0,23.0,5.0,98.48
A Mithun,6,6,34,26,4,1,11,8,2,0,130.77,5.67,19.23,42.31,0,0,11,0.0,0.0,0.0,0.0,0.0,15.0,12.0,2.0,0.0,125.0,19.0,14.0,2.0,1.0,135.71
A Mukund,2,2,19,23,1,0,9,11,2,0,82.61,9.5,4.35,39.13,0,0,19,14.0,16.0,1.0,0.0,87.5,5.0,6.0,0.0,0.0,83.33,0.0,1.0,0.0,0.0,0.0
A Nehra,17,17,41,63,3,1,37,21,1,0,65.08,2.41,6.35,58.73,0,0,22,0.0,0.0,0.0,0.0,0.0,0.0,0.0,0.0,0.0,0.0,41.0,63.0,3.0,1.0,65.08
A Nortje,13,13,49,51,6,0,25,17,1,2,96.08,3.77,11.76,49.02,0,0,23,0.0,0.0,0.0,0.0,0.0,0.0,0.0,0.0,0.0,0.0,49.0,51.0,6.0,0.0,96.08
A Raghuvanshi,18,18,463,326,46,16,99,149,14,2,142.02,25.72,19.02,30.37,2,0,54,154.0,93.0,19.0,7.0,165.59,251.0,189.0,22.0,7.0,132.8,58.0,44.0,5.0,2.0,131.82
A Singh,5,5,2,10,0,0,8,2,0,0,20.0,0.4,0.0,80.0,0,0,1,0.0,0.0,0.0,0.0,0.0,0.0,2.0,0.0,0.0,0.0,2.0,8.0,0.0,0.0,25.0
A Symonds,36,36,974,781,74,41,308,288,66,4,124.71,27.06,14.72,39.44,5,1,117,72.0,86.0,12.0,0.0,83.72,609.0,498.0,45.0,24.0,122.29,293.0,197.0,17.0,17.0,148.73
A Tomar,1,1,4,8,1,0,7,0,0,0,50.0,4.0,12.5,87.5,0,0,4,4.0,8.0,1.0,0.0,50.0,0.0,0.0,0.0,0.0,0.0,0.0,0.0,0.0,0.0,0.0
A Uniyal,2,2,4,7,0,0,3,4,0,0,57.14,2.0,0.0,42.86,0,0,4,0.0,0.0,0.0,0.0,0.0,0.0,0.0,0.0,0.0,0.0,4.0,7.0,0.0,0.0,57.14
A Zampa,5,5,15,25,1,0,13,11,0,0,60.0,3.0,4.0,52.0,0,0,7,0.0,0.0,0.0,0.0,0.0,9.0,14.0,1.0,0.0,64.29,6.0,11.0,0.0,0.0,54.55
AA Bilakhia,7,7,69,88,5,0,43,31,9,0,78.41,9.86,5.68,48.86,0,0,22,23.0,33.0,2.0,0.0,69.7,10.0,21.0,0.0,0.0,47.62,36.0,34.0,3.0,0.0,105.88
AA Chavan,3,3,12,11,2,0,5,4,0,0,109.09,4.0,18.18,45.45,0,0,7,0.0,0.0,0.0,0.0,0.0,1.0,3.0,0.0,0.0,33.33,11.0,8.0,2.0,0.0,137.5
AA Jhunjhunwala,15,15,217,218,19,5,98,82,13,1,99.54,14.47,11.01,44.95,1,0,53,24.0,36.0,2.0,1.0,66.67,124.0,129.0,9.0,2.0,96.12,69.0,53.0,8.0,2.0,130.19
AA Kulkarni,2,2,9,8,2,0,5,1,0,0,112.5,4.5,25.0,62.5,0,0,9,9.0,8.0,2.0,0.0,112.5,0.0,0.0,0.0,0.0,0.0,0.0,0.0,0.0,0.0,0.0
AA Noffke,1,1,9,12,1,0,6,5,0,0,75.0,9.0,8.33,50.0,0,0,9,0.0,0.0,0.0,0.0,0.0,9.0,12.0,1.0,0.0,75.0,0.0,0.0,0.0,0.0,0.0
AB Agarkar,18,18,179,160,13,5,60,67,15,0,111.87,9.94,11.25,37.5,0,0,39,20.0,15.0,1.0,2.0,133.33,34.0,47.0,3.0,0.0,72.34,125.0,98.0,9.0,3.0,127.55
AB Barath,3,3,42,43,5,1,22,14,1,0,97.67,14.0,13.95,51.16,0,0,33,18.0,14.0,2.0,1.0,128.57,22.0,24.0,3.0,0.0,91.67,2.0,5.0,0.0,0.0,40.0
AB Dinda,16,16,26,50,2,0,31,16,1,0,52.0,1.62,4.0,62.0,0,0,7,0.0,0.0,0.0,0.0,0.0,6.0,9.0,1.0,0.0,66.67,20.0,41.0,1.0,0.0,48.78
AB McDonald,9,9,123,103,9,4,38,42,9,1,119.42,13.67,12.62,36.89,0,0,33,30.0,19.0,4.0,2.0,157.89,13.0,16.0,0.0,0.0,81.25,80.0,68.0,5.0,2.0,117.65
AB de Villiers,170,170,5181,3487,414,253,1115,1420,268,17,148.58,30.48,19.13,31.98,40,3,133,741.0,630.0,100.0,20.0,117.62,2572.0,1990.0,179.0,93.0,129.25,1868.0,867.0,135.0,140.0,215.46
AC Blizzard,7,7,120,91,21,2,48,17,2,1,131.87,17.14,25.27,52.75,1,0,51,99.0,77.0,20.0,0.0,128.57,21.0,14.0,1.0,2.0,150.0,0.0,0.0,0.0,0.0,0.0
AC Gilchrist,80,80,2069,1555,239,92,737,417,66,4,133.05,25.86,21.29,47.4,11,2,109,1385.0,1080.0,191.0,49.0,128.24,621.0,443.0,43.0,38.0,140.18,63.0,32.0,5.0,5.0,196.88
AC Thomas,4,4,20,19,1,1,8,8,1,0,105.26,5.0,10.53,42.11,0,0,12,0.0,0.0,0.0,0.0,0.0,0.0,0.0,0.0,0.0,0.0,20.0,19.0,1.0,1.0,105.26
AC Voges,7,7,181,143,15,3,44,61,18,2,126.57,25.86,12.59,30.77,0,0,45,7.0,9.0,1.0,0.0,77.78,89.0,78.0,8.0,0.0,114.1,85.0,56.0,6.0,3.0,151.79
AD Hales,6,6,148,119,13,6,48,44,8,0,124.37,24.67,15.97,40.34,0,0,45,114.0,82.0,11.0,6.0,139.02,34.0,37.0,2.0,0.0,91.89,0.0,0.0,0.0,0.0,0.0
AD Mascarenhas,11,11,79,79,5,1,29,35,9,0,100.0,7.18,7.59,36.71,0,0,27,4.0,2.0,1.0,0.0,200.0,26.0,36.0,2.0,0.0,72.22,49.0,41.0,2.0,1.0,119.51
AD Mathews,41,41,724,599,44,29,207,267,49,3,120.87,17.66,12.19,34.56,1,0,65,10.0,17.0,0.0,1.0,58.82,289.0,293.0,14.0,9.0,98.63,425.0,289.0,30.0,19.0,147.06
AD Nath,10,10,90,99,7,2,45,40,5,0,90.91,9.0,9.09,45.45,0,0,24,11.0,12.0,0.0,1.0,91.67,57.0,62.0,4.0,1.0,91.94,22.0,25.0,3.0,0.0,88.0
AD Russell,114,114,2655,1626,187,223,707,449,60,0,163.28,23.29,25.22,43.48,12,0,88,41.0,17.0,5.0,3.0,241.18,1182.0,814.0,83.0,92.0,145.21,1432.0,795.0,99.0,128.0,180.13
AF Milne,6,6,23,31,0,1,15,13,2,0,74.19,3.83,3.23,48.39,0,0,15,0.0,0.0,0.0,0.0,0.0,6.0,9.0,0.0,0.0,66.67,17.0,22.0,0.0,1.0,77.27
AG Murtaza,3,3,10,14,1,0,7,6,0,0,71.43,3.33,7.14,50.0,0,0,5,0.0,0.0,0.0,0.0,0.0,0.0,0.0,0.0,0.0,0.0,10.0,14.0,1.0,0.0,71.43
AG Paunikar,5,5,49,61,9,0,41,9,2,0,80.33,9.8,14.75,67.21,0,0,20,49.0,61.0,9.0,0.0,80.33,0.0,0.0,0.0,0.0,0.0,0.0,0.0,0.0,0.0,0.0
AJ Finch,90,90,2092,1696,214,78,749,546,105,4,123.35,23.24,17.22,44.16,15,0,88,911.0,826.0,120.0,25.0,110.29,899.0,686.0,72.0,39.0,131.05,282.0,184.0,22.0,14.0,153.26
AJ Hosein,1,1,16,11,1,1,4,4,1,0,145.45,16.0,18.18,36.36,0,0,16,0.0,0.0,0.0,0.0,0.0,0.0,0.0,0.0,0.0,0.0,16.0,11.0,1.0,1.0,145.45
AJ Turner,6,6,24,31,0,2,17,12,0,0,77.42,4.0,6.45,54.84,0,0,16,0.0,0.0,0.0,0.0,0.0,17.0,12.0,0.0,2.0,141.67,7.0,19.0,0.0,0.0,36.84
AJ Tye,13,13,91,79,6,5,39,22,6,1,115.19,7.0,13.92,49.37,0,0,25,0.0,0.0,0.0,0.0,0.0,21.0,17.0,1.0,2.0,123.53,70.0,62.0,5.0,3.0,112.9
AK Markram,55,55,1440,1093,111,57,348,505,67,5,131.75,26.18,15.37,31.84,10,0,68,366.0,291.0,44.0,12.0,125.77,832.0,654.0,50.0,30.0,127.22,242.0,148.0,17.0,15.0,163.51
AL Menaria,23,23,401,367,24,18,152,149,24,0,109.26,17.43,11.44,41.42,0,0,40,8.0,8.0,0.0,1.0,100.0,296.0,276.0,15.0,14.0,107.25,97.0,83.0,9.0,3.0,116.87
AM Nayar,50,50,672,588,55,20,234,230,47,1,114.29,13.44,12.76,39.8,0,0,45,65.0,76.0,8.0,1.0,85.53,297.0,312.0,17.0,7.0,95.19,310.0,200.0,30.0,12.0,155.0
AM Rahane,183,183,5032,4133,515,123,1573,1629,274,19,121.75,27.5,15.44,38.06,33,2,105,2557.0,2141.0,330.0,64.0,119.43,1966.0,1662.0,140.0,40.0,118.29,509.0,330.0,45.0,19.0,154.24
AN Ahmed,6,6,36,27,4,1,11,8,3,0,133.33,6.0,18.52,40.74,0,0,18,0.0,0.0,0.0,0.0,0.0,0.0,0.0,0.0,0.0,0.0,36.0,27.0,4.0,1.0,133.33
AN Ghosh,2,2,7,8,1,0,5,1,1,0,87.5,3.5,12.5,62.5,0,0,7,7.0,7.0,1.0,0.0,100.0,0.0,1.0,0.0,0.0,0.0,0.0,0.0,0.0,0.0,0.0
AP Dole,2,2,34,23,3,1,7,8,4,0,147.83,17.0,17.39,30.43,0,0,30,0.0,0.0,0.0,0.0,0.0,1.0,2.0,0.0,0.0,50.0,33.0,21.0,3.0,1.0,157.14
AP Majumdar,4,4,87,77,7,2,28,33,7,0,112.99,21.75,11.69,36.36,0,0,31,21.0,15.0,4.0,0.0,140.0,64.0,59.0,3.0,2.0,108.47,2.0,3.0,0.0,0.0,66.67
AP Tare,27,27,339,285,40,11,142,72,19,1,118.95,12.56,17.89,49.82,1,0,59,226.0,214.0,27.0,7.0,105.61,73.0,45.0,8.0,3.0,162.22,40.0,26.0,5.0,1.0,153.85
AR Bawne,1,1,12,12,1,0,4,6,1,0,100.0,12.0,8.33,33.33,0,0,12,0.0,0.0,0.0,0.0,0.0,0.0,0.0,0.0,0.0,0.0,12.0,12.0,1.0,0.0,100.0
AR Patel,123,123,1916,1489,130,94,529,640,96,0,128.68,15.58,15.04,35.53,3,0,66,71.0,65.0,9.0,1.0,109.23,878.0,764.0,64.0,39.0,114.92,967.0,660.0,57.0,54.0,146.52
AS Joseph,5,5,27,32,3,0,16,11,2,0,84.38,5.4,9.38,50.0,0,0,15,0.0,0.0,0.0,0.0,0.0,3.0,3.0,0.0,0.0,100.0,24.0,29.0,3.0,0.0,82.76
AS Rajpoot,7,7,26,41,2,1,27,10,1,0,63.41,3.71,7.32,65.85,0,0,8,0.0,0.0,0.0,0.0,0.0,1.0,5.0,0.0,0.0,20.0,25.0,36.0,2.0,1.0,69.44
AS Raut,16,16,194,172,13,7,67,73,9,3,112.79,12.12,11.63,38.95,0,0,36,7.0,6.0,1.0,0.0,116.67,67.0,58.0,6.0,1.0,115.52,120.0,108.0,6.0,6.0,111.11
AS Roy,7,7,26,25,3,0,11,8,3,0,104.0,3.71,12.0,44.0,0,0,13,4.0,5.0,1.0,0.0,80.0,0.0,3.0,0.0,0.0,0.0,22.0,17.0,2.0,0.0,129.41
AS Yadav,6,6,49,40,5,2,18,13,2,0,122.5,8.17,17.5,45.0,0,0,16,0.0,0.0,0.0,0.0,0.0,10.0,10.0,0.0,1.0,100.0,39.0,30.0,5.0,1.0,130.0
AT Carey,3,3,32,29,0,1,8,14,6,0,110.34,10.67,3.45,27.59,0,0,14,0.0,0.0,0.0,0.0,0.0,0.0,0.0,0.0,0.0,0.0,32.0,29.0,0.0,1.0,110.34
AT Rayudu,185,185,4348,3490,359,173,1274,1495,188,1,124.58,23.5,15.24,36.5,22,1,100,777.0,750.0,93.0,24.0,103.6,2392.0,2015.0,177.0,83.0,118.71,1179.0,725.0,89.0,66.0,162.62
AU Rashid,2,2,22,17,2,1,8,4,2,0,129.41,11.0,17.65,47.06,0,0,18,0.0,0.0,0.0,0.0,0.0,18.0,14.0,1.0,1.0,128.57,4.0,3.0,1.0,0.0,133.33
AUK Pathan,7,7,39,26,5,2,14,3,2,0,150.0,5.57,26.92,53.85,0,0,14,14.0,6.0,2.0,1.0,233.33,11.0,8.0,0.0,1.0,137.5,14.0,12.0,3.0,0.0,116.67
Abdul Basith,1,1,1,1,0,0,0,1,0,0,100.0,1.0,0.0,0.0,0,0,1,0.0,0.0,0.0,0.0,0.0,0.0,0.0,0.0,0.0,0.0,1.0,1.0,0.0,0.0,100.0
Abdul Samad,51,51,743,506,45,50,181,197,33,0,146.84,14.57,18.77,35.77,0,0,45,2.0,2.0,0.0,0.0,100.0,243.0,202.0,16.0,13.0,120.3,498.0,302.0,29.0,37.0,164.9
Abdur Razzak,1,1,0,2,0,0,2,0,0,0,0.0,0.0,0.0,100.0,0,0,0,0.0,0.0,0.0,0.0,0.0,0.0,0.0,0.0,0.0,0.0,0.0,2.0,0.0,0.0,0.0
Abhishek Sharma,74,74,1816,1167,174,101,451,371,67,3,155.61,24.54,23.56,38.65,9,1,141,1018.0,664.0,124.0,47.0,153.31,622.0,383.0,38.0,43.0,162.4,176.0,120.0,12.0,11.0,146.67
Abishek Porel,29,29,661,454,65,27,155,179,26,1,145.59,22.79,20.26,34.14,3,0,65,316.0,217.0,39.0,12.0,145.62,287.0,203.0,20.0,12.0,141.38,58.0,34.0,6.0,3.0,170.59
Akash Deep,5,5,25,14,2,2,5,5,0,0,178.57,5.0,28.57,35.71,0,0,17,0.0,0.0,0.0,0.0,0.0,5.0,2.0,1.0,0.0,250.0,20.0,12.0,1.0,2.0,166.67
Akash Madhwal,2,2,8,14,0,0,7,6,1,0,57.14,4.0,0.0,50.0,0,0,4,0.0,0.0,0.0,0.0,0.0,2.0,5.0,0.0,0.0,40.0,6.0,9.0,0.0,0.0,66.67
Aman Hakim Khan,10,10,115,109,8,6,55,33,7,0,105.5,11.5,12.84,50.46,1,0,51,4.0,5.0,1.0,0.0,80.0,52.0,60.0,2.0,3.0,86.67,59.0,44.0,5.0,3.0,134.09
Aniket Verma,12,12,236,148,12,20,58,48,10,0,159.46,19.67,21.62,39.19,1,0,74,17.0,17.0,2.0,0.0,100.0,139.0,87.0,6.0,13.0,159.77,80.0,44.0,4.0,7.0,181.82
Anirudh Singh,4,4,63,69,6,1,34,23,5,0,91.3,15.75,10.14,49.28,0,0,40,18.0,22.0,3.0,0.0,81.82,32.0,33.0,2.0,1.0,96.97,13.0,14.0,1.0,0.0,92.86
Ankit Sharma,10,10,87,69,7,4,29,23,6,0,126.09,8.7,15.94,42.03,0,0,30,27.0,23.0,4.0,1.0,117.39,12.0,11.0,1.0,0.0,109.09,48.0,35.0,2.0,3.0,137.14
Ankit Soni,3,3,7,9,0,1,7,1,0,0,77.78,2.33,11.11,77.78,0,0,7,0.0,0.0,0.0,0.0,0.0,0.0,0.0,0.0,0.0,0.0,7.0,9.0,0.0,1.0,77.78
Anmolpreet Singh,9,9,139,117,19,3,55,35,5,0,118.8,15.44,18.8,47.01,0,0,36,116.0,93.0,17.0,3.0,124.73,23.0,24.0,2.0,0.0,95.83,0.0,0.0,0.0,0.0,0.0
Anuj Rawat,21,21,318,276,26,14,123,97,15,1,115.22,15.14,14.49,44.57,1,0,66,83.0,91.0,9.0,3.0,91.21,93.0,100.0,6.0,2.0,93.0,142.0,85.0,11.0,9.0,167.06
Anureet Singh,8,8,36,47,2,1,22,22,0,0,76.6,4.5,6.38,46.81,0,0,15,0.0,0.0,0.0,0.0,0.0,4.0,9.0,0.0,0.0,44.44,32.0,38.0,2.0,1.0,84.21
Arjun Tendulkar,1,1,13,9,0,1,2,5,1,0,144.44,13.0,11.11,22.22,0,0,13,0.0,0.0,0.0,0.0,0.0,0.0,0.0,0.0,0.0,0.0,13.0,9.0,0.0,1.0,144.44
Arshad Khan,10,10,119,90,5,9,39,29,8,0,132.22,11.9,15.56,43.33,1,0,58,0.0,0.0,0.0,0.0,0.0,39.0,31.0,2.0,3.0,125.81,80.0,59.0,3.0,6.0,135.59
Arshad Khan (2),1,1,5,4,1,0,2,1,0,0,125.0,5.0,25.0,50.0,0,0,5,0.0,0.0,0.0,0.0,0.0,0.0,0.0,0.0,0.0,0.0,5.0,4.0,1.0,0.0,125.0
Arshdeep Singh,13,13,31,48,4,0,33,8,2,1,64.58,2.38,8.33,68.75,0,0,10,0.0,0.0,0.0,0.0,0.0,4.0,3.0,1.0,0.0,133.33,27.0,45.0,3.0,0.0,60.0
Ashutosh Sharma,18,18,393,256,24,28,92,95,17,0,153.52,21.83,20.31,35.94,2,0,66,0.0,0.0,0.0,0.0,0.0,121.0,94.0,5.0,9.0,128.72,272.0,162.0,19.0,19.0,167.9
Atharva Taide,10,10,260,188,30,8,74,61,14,1,138.3,26.0,20.21,39.36,2,0,66,157.0,112.0,20.0,6.0,140.18,103.0,76.0,10.0,2.0,135.53,0.0,0.0,0.0,0.0,0.0
Avesh Khan,13,13,62,39,6,4,18,8,3,0,158.97,4.77,25.64,46.15,0,0,19,0.0,0.0,0.0,0.0,0.0,12.0,4.0,0.0,2.0,300.0,50.0,35.0,6.0,2.0,142.86
Azhar Mahmood,21,21,388,311,39,13,124,116,19,0,124.76,18.48,16.72,39.87,2,0,80,22.0,24.0,3.0,1.0,91.67,243.0,193.0,23.0,7.0,125.91,123.0,94.0,13.0,5.0,130.85
Azmatullah Omarzai,9,9,99,77,8,5,30,31,3,0,128.57,11.0,16.88,38.96,0,0,21,0.0,0.0,0.0,0.0,0.0,70.0,57.0,4.0,4.0,122.81,29.0,20.0,4.0,1.0,145.0
B Akhil,11,11,76,57,5,5,26,16,5,0,133.33,6.91,17.54,45.61,0,0,27,0.0,0.0,0.0,0.0,0.0,27.0,21.0,2.0,1.0,128.57,49.0,36.0,3.0,4.0,136.11
B Chipli,21,21,280,256,28,7,110,100,7,4,109.38,13.33,13.67,42.97,1,0,61,55.0,79.0,7.0,1.0,69.62,125.0,121.0,10.0,3.0,103.31,100.0,56.0,11.0,3.0,178.57
B Indrajith,3,3,21,31,2,0,18,9,2,0,67.74,7.0,6.45,58.06,0,0,15,19.0,28.0,2.0,0.0,67.86,2.0,3.0,0.0,0.0,66.67,0.0,0.0,0.0,0.0,0.0
B Kumar,71,71,320,364,31,3,176,131,22,1,87.91,4.51,9.34,48.35,0,0,27,0.0,0.0,0.0,0.0,0.0,34.0,49.0,4.0,0.0,69.39,286.0,315.0,27.0,3.0,90.79
B Laughlin,4,4,5,13,0,0,8,5,0,0,38.46,1.25,0.0,61.54,0,0,4,0.0,0.0,0.0,0.0,0.0,3.0,7.0,0.0,0.0,42.86,2.0,6.0,0.0,0.0,33.33
B Lee,19,19,124,102,8,8,46,36,4,0,121.57,6.53,15.69,45.1,0,0,25,0.0,0.0,0.0,0.0,0.0,12.0,10.0,0.0,1.0,120.0,112.0,92.0,8.0,7.0,121.74
B Sai Sudharsan,40,40,1793,1279,183,53,400,548,92,2,140.19,44.82,18.45,31.27,12,2,108,674.0,518.0,86.0,15.0,130.12,887.0,645.0,77.0,24.0,137.52,232.0,116.0,20.0,14.0,200.0
B Stanlake,1,1,5,2,1,0,0,1,0,0,250.0,5.0,50.0,0.0,0,0,5,0.0,0.0,0.0,0.0,0.0,0.0,0.0,0.0,0.0,0.0,5.0,2.0,1.0,0.0,250.0
B Sumanth,4,4,35,38,3,0,15,17,3,0,92.11,8.75,7.89,39.47,0,0,16,0.0,0.0,0.0,0.0,0.0,9.0,12.0,1.0,0.0,75.0,26.0,26.0,2.0,0.0,100.0
BA Bhatt,2,2,6,7,0,1,6,0,0,0,85.71,3.0,14.29,85.71,0,0,6,0.0,0.0,0.0,0.0,0.0,0.0,0.0,0.0,0.0,0.0,6.0,7.0,0.0,1.0,85.71
BA Stokes,43,43,935,718,81,32,253,290,59,2,130.22,21.74,15.74,35.24,2,2,107,240.0,186.0,31.0,7.0,129.03,488.0,400.0,34.0,15.0,122.0,207.0,132.0,16.0,10.0,156.82
BAW Mendis,3,3,3,6,0,0,3,3,0,0,50.0,1.0,0.0,50.0,0,0,2,0.0,0.0,0.0,0.0,0.0,0.0,0.0,0.0,0.0,0.0,3.0,6.0,0.0,0.0,50.0
BB McCullum,109,109,2882,2272,293,130,1028,715,103,3,126.85,26.44,18.62,45.25,13,2,158,1557.0,1278.0,184.0,70.0,121.83,1144.0,894.0,95.0,50.0,127.96,181.0,100.0,14.0,10.0,181.0
BB Samantray,8,8,125,116,13,2,48,45,8,0,107.76,15.62,12.93,41.38,1,0,55,15.0,22.0,2.0,0.0,68.18,68.0,63.0,5.0,2.0,107.94,42.0,31.0,6.0,0.0,135.48
BB Sran,7,7,10,14,0,0,5,8,1,0,71.43,1.43,0.0,35.71,0,0,3,0.0,0.0,0.0,0.0,0.0,0.0,0.0,0.0,0.0,0.0,10.0,14.0,0.0,0.0,71.43
BCJ Cutting,17,17,238,146,15,19,58,44,10,0,163.01,14.0,23.29,39.73,0,0,39,0.0,0.0,0.0,0.0,0.0,22.0,20.0,3.0,0.0,110.0,216.0,126.0,12.0,19.0,171.43
BE Hendricks,2,2,1,3,0,0,2,1,0,0,33.33,0.5,0.0,66.67,0,0,1,0.0,0.0,0.0,0.0,0.0,0.0,0.0,0.0,0.0,0.0,1.0,3.0,0.0,0.0,33.33
BJ Haddin,1,1,18,11,2,1,5,2,1,0,163.64,18.0,27.27,45.45,0,0,18,18.0,11.0,2.0,1.0,163.64,0.0,0.0,0.0,0.0,0.0,0.0,0.0,0.0,0.0,0.0
BJ Hodge,63,63,1400,1153,122,43,439,452,89,8,121.42,22.22,14.31,38.07,6,0,73,148.0,169.0,18.0,4.0,87.57,646.0,599.0,52.0,15.0,107.85,606.0,385.0,52.0,24.0,157.4
BJ Rohrer,8,8,193,146,21,5,57,48,14,1,132.19,24.12,17.81,39.04,1,0,64,0.0,1.0,0.0,0.0,0.0,114.0,109.0,14.0,0.0,104.59,79.0,36.0,7.0,5.0,219.44
BKG Mendis,1,1,20,11,1,2,5,2,1,0,181.82,20.0,27.27,45.45,0,0,20,20.0,10.0,1.0,2.0,200.0,0.0,1.0,0.0,0.0,0.0,0.0,0.0,0.0,0.0,0.0
BMAJ Mendis,3,3,23,27,0,0,8,15,4,0,85.19,7.67,0.0,29.63,0,0,12,1.0,2.0,0.0,0.0,50.0,22.0,25.0,0.0,0.0,88.0,0.0,0.0,0.0,0.0,0.0
BR Dunk,3,3,40,36,7,0,20,6,3,0,111.11,13.33,19.44,55.56,0,0,20,40.0,36.0,7.0,0.0,111.11,0.0,0.0,0.0,0.0,0.0,0.0,0.0,0.0,0.0,0.0
BR Sharath,1,1,2,5,0,0,3,2,0,0,40.0,2.0,0.0,60.0,0,0,2,0.0,0.0,0.0,0.0,0.0,2.0,5.0,0.0,0.0,40.0,0.0,0.0,0.0,0.0,0.0
Basil Thampi,7,7,32,37,1,1,16,16,3,0,86.49,4.57,5.41,43.24,0,0,13,0.0,0.0,0.0,0.0,0.0,3.0,5.0,0.0,0.0,60.0,29.0,32.0,1.0,1.0,90.62
Bipul Sharma,17,17,187,124,11,9,34,51,19,0,150.81,11.0,16.13,27.42,0,0,35,0.0,0.0,0.0,0.0,0.0,15.0,14.0,1.0,0.0,107.14,172.0,110.0,10.0,9.0,156.36
C Bosch,2,2,47,32,3,3,12,11,3,0,146.88,23.5,18.75,37.5,0,0,27,0.0,0.0,0.0,0.0,0.0,2.0,5.0,0.0,0.0,40.0,45.0,27.0,3.0,3.0,166.67
C Green,28,28,707,472,62,32,144,203,29,2,149.79,25.25,19.92,30.51,2,1,100,196.0,124.0,28.0,6.0,158.06,307.0,242.0,16.0,16.0,126.86,204.0,106.0,18.0,10.0,192.45
C Madan,1,1,15,21,3,0,15,3,0,0,71.43,15.0,14.29,71.43,0,0,15,15.0,21.0,3.0,0.0,71.43,0.0,0.0,0.0,0.0,0.0,0.0,0.0,0.0,0.0,0.0
C Munro,11,11,177,144,19,8,68,45,4,0,122.92,16.09,18.75,47.22,0,0,40,131.0,92.0,16.0,6.0,142.39,42.0,46.0,3.0,2.0,91.3,4.0,6.0,0.0,0.0,66.67
C Nanda,1,1,0,1,0,0,1,0,0,0,0.0,0.0,0.0,100.0,0,0,0,0.0,0.0,0.0,0.0,0.0,0.0,0.0,0.0,0.0,0.0,0.0,1.0,0.0,0.0,0.0
C Sakariya,7,7,20,31,3,0,21,6,1,0,64.52,2.86,9.68,67.74,0,0,7,0.0,0.0,0.0,0.0,0.0,1.0,4.0,0.0,0.0,25.0,19.0,27.0,3.0,0.0,70.37
C de Grandhomme,21,21,303,229,18,18,86,91,16,0,132.31,14.43,15.72,37.55,0,0,40,1.0,2.0,0.0,0.0,50.0,142.0,110.0,12.0,7.0,129.09,160.0,117.0,6.0,11.0,136.75
CA Ingram,15,15,205,183,22,5,78,69,9,0,112.02,13.67,14.75,42.62,0,0,47,14.0,18.0,2.0,0.0,77.78,128.0,122.0,13.0,3.0,104.92,63.0,43.0,7.0,2.0,146.51
CA Lynn,42,42,1329,974,132,66,416,315,45,0,136.45,31.64,20.33,42.71,10,0,93,779.0,553.0,99.0,37.0,140.87,514.0,385.0,30.0,29.0,133.51,36.0,36.0,3.0,0.0,100.0
CA Pujara,22,22,390,403,50,4,200,133,15,1,96.77,17.73,13.4,49.63,1,0,51,215.0,236.0,35.0,1.0,91.1,128.0,124.0,12.0,1.0,103.23,47.0,43.0,3.0,2.0,109.3
CH Gayle,141,141,4997,3516,408,359,1636,1018,92,3,142.12,35.44,21.81,46.53,31,6,175,2405.0,1851.0,267.0,145.0,129.93,2011.0,1361.0,102.0,164.0,147.76,581.0,304.0,39.0,50.0,191.12
CH Morris,49,49,618,413,41,35,134,163,39,1,149.64,12.61,18.4,32.45,2,0,82,17.0,7.0,2.0,1.0,242.86,102.0,95.0,8.0,5.0,107.37,499.0,311.0,31.0,29.0,160.45
CJ Anderson,29,29,538,436,40,31,200,139,25,1,123.39,18.55,16.28,45.87,3,0,95,52.0,64.0,7.0,2.0,81.25,311.0,262.0,25.0,14.0,118.7,175.0,110.0,8.0,15.0,159.09
CJ Ferguson,8,8,98,119,9,0,58,42,10,0,82.35,12.25,7.56,48.74,0,0,23,17.0,24.0,2.0,0.0,70.83,58.0,71.0,4.0,0.0,81.69,23.0,24.0,3.0,0.0,95.83
CJ Jordan,12,12,81,81,3,3,38,23,14,0,100.0,6.75,7.41,46.91,0,0,30,0.0,0.0,0.0,0.0,0.0,1.0,6.0,0.0,0.0,16.67,80.0,75.0,3.0,3.0,106.67
CJ McKay,1,1,8,15,0,0,8,6,1,0,53.33,8.0,0.0,53.33,0,0,8,0.0,0.0,0.0,0.0,0.0,8.0,15.0,0.0,0.0,53.33,0.0,0.0,0.0,0.0,0.0
CK Kapugedera,3,3,16,24,0,0,10,12,2,0,66.67,5.33,0.0,41.67,0,0,8,0.0,0.0,0.0,0.0,0.0,1.0,3.0,0.0,0.0,33.33,15.0,21.0,0.0,0.0,71.43
CK Langeveldt,2,2,8,9,0,1,6,2,0,0,88.89,4.0,11.11,66.67,0,0,8,0.0,0.0,0.0,0.0,0.0,1.0,4.0,0.0,0.0,25.0,7.0,5.0,0.0,1.0,140.0
CL White,45,45,971,774,76,38,274,335,49,2,125.45,21.58,14.73,35.4,6,0,78,107.0,120.0,12.0,2.0,89.17,501.0,455.0,44.0,11.0,110.11,363.0,199.0,20.0,25.0,182.41
CM Gautam,13,13,169,158,17,6,84,40,8,3,106.96,13.0,14.56,53.16,0,0,33,68.0,64.0,6.0,4.0,106.25,46.0,49.0,2.0,2.0,93.88,55.0,45.0,9.0,0.0,122.22
CR Brathwaite,14,14,181,120,10,16,53,37,4,0,150.83,12.93,21.67,44.17,0,0,43,0.0,0.0,0.0,0.0,0.0,24.0,35.0,2.0,1.0,68.57,157.0,85.0,8.0,15.0,184.71
CR Woakes,12,12,78,77,7,2,33,32,3,0,101.3,6.5,11.69,42.86,0,0,18,0.0,0.0,0.0,0.0,0.0,15.0,21.0,2.0,0.0,71.43,63.0,56.0,5.0,2.0,112.5
CRD Fernando,2,2,4,3,0,0,0,2,1,0,133.33,2.0,0.0,0.0,0,0,2,0.0,0.0,0.0,0.0,0.0,0.0,0.0,0.0,0.0,0.0,4.0,3.0,0.0,0.0,133.33
CV Varun,11,11,26,50,2,0,31,16,1,0,52.0,2.36,4.0,62.0,0,0,10,0.0,0.0,0.0,0.0,0.0,0.0,3.0,0.0,0.0,0.0,26.0,47.0,2.0,0.0,55.32
D Brevis,16,16,455,305,30,33,120,107,15,0,149.18,28.44,20.66,39.34,2,0,57,84.0,73.0,11.0,3.0,115.07,321.0,212.0,16.0,25.0,151.42,50.0,20.0,3.0,5.0,250.0
D Ferreira,3,3,9,14,0,0,7,5,2,0,64.29,3.0,0.0,50.0,0,0,7,0.0,0.0,0.0,0.0,0.0,1.0,3.0,0.0,0.0,33.33,8.0,11.0,0.0,0.0,72.73
D Kalyankrishna,1,1,3,8,0,0,5,3,0,0,37.5,3.0,0.0,62.5,0,0,3,0.0,0.0,0.0,0.0,0.0,0.0,0.0,0.0,0.0,0.0,3.0,8.0,0.0,0.0,37.5
D Padikkal,74,74,1806,1496,192,56,632,537,72,7,120.72,24.41,16.58,42.25,11,1,101,829.0,695.0,109.0,22.0,119.28,839.0,699.0,63.0,32.0,120.03,138.0,102.0,20.0,2.0,135.29
D Pretorius,5,5,44,28,3,3,10,10,2,0,157.14,8.8,21.43,35.71,0,0,22,0.0,0.0,0.0,0.0,0.0,0.0,0.0,0.0,0.0,0.0,44.0,28.0,3.0,3.0,157.14
D Salunkhe,3,3,33,24,5,0,8,9,2,0,137.5,11.0,20.83,33.33,0,0,26,0.0,0.0,0.0,0.0,0.0,8.0,7.0,1.0,0.0,114.29,25.0,17.0,4.0,0.0,147.06
D Wiese,11,11,148,105,12,7,34,46,6,0,140.95,13.45,18.1,32.38,0,0,47,0.0,0.0,0.0,0.0,0.0,23.0,25.0,1.0,0.0,92.0,125.0,80.0,11.0,7.0,156.25
D du Preez,1,1,10,13,0,0,5,6,2,0,76.92,10.0,0.0,38.46,0,0,10,0.0,0.0,0.0,0.0,0.0,3.0,4.0,0.0,0.0,75.0,7.0,9.0,0.0,0.0,77.78
DA Miller,133,133,3077,2295,220,138,766,975,194,2,134.07,23.14,15.6,33.38,13,1,101,98.0,115.0,10.0,3.0,85.22,1598.0,1340.0,117.0,52.0,119.25,1381.0,840.0,93.0,83.0,164.4
DA Warner,184,184,6567,4849,663,236,1873,1682,370,24,135.43,35.69,18.54,38.63,62,4,126,3318.0,2501.0,432.0,105.0,132.67,2621.0,1985.0,176.0,100.0,132.04,628.0,363.0,55.0,31.0,173.0
DAJ Bracewell,1,1,12,9,1,0,1,6,1,0,133.33,12.0,11.11,11.11,0,0,12,0.0,0.0,0.0,0.0,0.0,0.0,0.0,0.0,0.0,0.0,12.0,9.0,1.0,0.0,133.33
DB Das,22,22,304,267,23,16,124,92,12,0,113.86,13.82,14.61,46.44,0,0,35,58.0,55.0,6.0,3.0,105.45,129.0,112.0,5.0,11.0,115.18,117.0,100.0,12.0,2.0,117.0
DB Ravi Teja,25,25,375,325,35,9,124,136,18,3,115.38,15.0,13.54,38.15,1,0,60,53.0,60.0,7.0,0.0,88.33,153.0,139.0,13.0,3.0,110.07,169.0,126.0,15.0,6.0,134.13
DE Bollinger,4,4,21,23,1,1,11,9,1,0,91.3,5.25,8.7,47.83,0,0,16,0.0,0.0,0.0,0.0,0.0,0.0,0.0,0.0,0.0,0.0,21.0,23.0,1.0,1.0,91.3
DG Nalkande,2,2,12,12,0,1,5,6,0,0,100.0,6.0,8.33,41.67,0,0,12,0.0,0.0,0.0,0.0,0.0,12.0,11.0,0.0,1.0,109.09,0.0,1.0,0.0,0.0,0.0
DH Yagnik,17,17,170,142,23,2,62,44,11,0,119.72,10.0,17.61,43.66,0,0,34,0.0,0.0,0.0,0.0,0.0,74.0,64.0,11.0,1.0,115.62,96.0,78.0,12.0,1.0,123.08
DJ Bravo,110,110,1560,1247,120,66,498,447,111,5,125.1,14.18,14.92,39.94,5,0,70,123.0,116.0,15.0,5.0,106.03,528.0,589.0,42.0,11.0,89.64,909.0,542.0,63.0,50.0,167.71
DJ Harris,4,4,111,103,11,5,52,33,2,0,107.77,27.75,15.53,50.49,0,0,47,57.0,66.0,8.0,1.0,86.36,54.0,37.0,3.0,4.0,145.95,0.0,0.0,0.0,0.0,0.0
DJ Hooda,101,101,1497,1213,98,62,428,521,100,4,123.41,14.82,13.19,35.28,8,0,64,164.0,167.0,20.0,3.0,98.2,867.0,706.0,50.0,35.0,122.8,466.0,340.0,28.0,24.0,137.06
DJ Hussey,61,61,1322,1101,90,60,425,452,72,2,120.07,21.67,13.62,38.6,5,0,71,134.0,119.0,18.0,4.0,112.61,778.0,748.0,53.0,23.0,104.01,410.0,234.0,19.0,33.0,175.21
DJ Jacobs,7,7,92,101,10,4,62,22,3,0,91.09,13.14,13.86,61.39,0,0,32,83.0,93.0,9.0,4.0,89.25,9.0,8.0,1.0,0.0,112.5,0.0,0.0,0.0,0.0,0.0
DJ Malan,1,1,26,26,1,1,10,12,2,0,100.0,26.0,7.69,38.46,0,0,26,1.0,2.0,0.0,0.0,50.0,25.0,24.0,1.0,1.0,104.17,0.0,0.0,0.0,0.0,0.0
DJ Mitchell,15,15,351,274,28,10,82,130,23,1,128.1,23.4,13.87,29.93,2,0,63,97.0,80.0,11.0,2.0,121.25,208.0,154.0,14.0,8.0,135.06,46.0,40.0,3.0,0.0,115.0
DJ Muthuswami,1,1,1,3,0,0,2,1,0,0,33.33,1.0,0.0,66.67,0,0,1,0.0,0.0,0.0,0.0,0.0,0.0,0.0,0.0,0.0,0.0,1.0,3.0,0.0,0.0,33.33
DJ Thornely,4,4,39,54,2,2,31,19,0,0,72.22,9.75,7.41,57.41,0,0,30,4.0,21.0,0.0,0.0,19.05,35.0,33.0,2.0,2.0,106.06,0.0,0.0,0.0,0.0,0.0
DJ Willey,5,5,53,64,7,0,36,17,4,0,82.81,10.6,10.94,56.25,0,0,20,6.0,12.0,1.0,0.0,50.0,23.0,30.0,3.0,0.0,76.67,24.0,22.0,3.0,0.0,109.09
DJG Sammy,20,20,295,251,15,18,108,94,15,1,117.53,14.75,13.15,43.03,1,0,60,8.0,6.0,2.0,0.0,133.33,151.0,144.0,6.0,8.0,104.86,136.0,101.0,7.0,10.0,134.65
DJM Short,7,7,115,102,11,5,48,35,3,0,112.75,16.43,15.69,47.06,0,0,44,50.0,63.0,6.0,0.0,79.37,65.0,39.0,5.0,5.0,166.67,0.0,0.0,0.0,0.0,0.0
DL Chahar,16,16,117,86,5,8,33,31,9,0,136.05,7.31,15.12,38.37,0,0,39,0.0,0.0,0.0,0.0,0.0,55.0,35.0,1.0,5.0,157.14,62.0,51.0,4.0,3.0,121.57
DL Vettori,16,16,121,118,11,2,46,54,4,1,102.54,7.56,11.02,38.98,0,0,29,0.0,0.0,0.0,0.0,0.0,47.0,56.0,4.0,1.0,83.93,74.0,62.0,7.0,1.0,119.35
DM Bravo,1,1,6,5,1,0,2,2,0,0,120.0,6.0,20.0,40.0,0,0,6,0.0,0.0,0.0,0.0,0.0,0.0,0.0,0.0,0.0,0.0,6.0,5.0,1.0,0.0,120.0
DNT Zoysa,2,2,11,9,1,0,3,3,2,0,122.22,5.5,11.11,33.33,0,0,10,0.0,0.0,0.0,0.0,0.0,1.0,1.0,0.0,0.0,100.0,10.0,8.0,1.0,0.0,125.0
DP Conway,28,28,1080,794,117,34,288,306,45,4,136.02,38.57,19.02,36.27,11,0,92,463.0,376.0,61.0,11.0,123.14,521.0,352.0,45.0,21.0,148.01,96.0,66.0,11.0,2.0,145.45
DP Nannes,2,2,4,13,0,0,9,4,0,0,30.77,2.0,0.0,69.23,0,0,3,0.0,0.0,0.0,0.0,0.0,2.0,4.0,0.0,0.0,50.0,2.0,9.0,0.0,0.0,22.22
DP Vijaykumar,1,1,1,1,0,0,0,1,0,0,100.0,1.0,0.0,0.0,0,0,1,0.0,0.0,0.0,0.0,0.0,0.0,0.0,0.0,0.0,0.0,1.0,1.0,0.0,0.0,100.0
DPMD Jayawardene,78,78,1808,1522,200,40,619,565,93,4,118.79,23.18,15.77,40.67,10,1,110,611.0,521.0,93.0,13.0,117.27,823.0,755.0,67.0,17.0,109.01,374.0,246.0,40.0,10.0,152.03
DR Martyn,1,1,19,26,1,0,10,15,0,0,73.08,19.0,3.85,38.46,0,0,19,1.0,3.0,0.0,0.0,33.33,13.0,19.0,0.0,0.0,68.42,5.0,4.0,1.0,0.0,125.0
DR Sams,13,13,44,48,1,3,26,14,4,0,91.67,3.38,8.33,54.17,0,0,15,1.0,7.0,0.0,0.0,14.29,16.0,15.0,0.0,1.0,106.67,27.0,26.0,1.0,2.0,103.85
DR Shorey,2,2,13,20,0,1,12,7,0,0,65.0,6.5,5.0,60.0,0,0,8,0.0,0.0,0.0,0.0,0.0,13.0,20.0,0.0,1.0,65.0,0.0,0.0,0.0,0.0,0.0
DR Smith,88,88,2385,1803,245,117,832,521,84,3,132.28,27.1,20.08,46.15,17,0,87,1213.0,1003.0,155.0,47.0,120.94,1004.0,686.0,80.0,59.0,146.36,168.0,114.0,10.0,11.0,147.37
DS Kulkarni,20,20,104,113,7,2,50,45,8,1,92.04,5.2,7.96,44.25,0,0,28,0.0,0.0,0.0,0.0,0.0,5.0,10.0,0.0,0.0,50.0,99.0,103.0,7.0,2.0,96.12
DS Lehmann,2,2,18,19,3,0,10,6,0,0,94.74,9.0,15.79,52.63,0,0,17,4.0,3.0,1.0,0.0,133.33,14.0,16.0,2.0,0.0,87.5,0.0,0.0,0.0,0.0,0.0
DS Rathi,1,1,1,4,0,0,3,1,0,0,25.0,1.0,0.0,75.0,0,0,1,0.0,0.0,0.0,0.0,0.0,0.0,0.0,0.0,0.0,0.0,1.0,4.0,0.0,0.0,25.0
DT Christian,41,41,460,408,23,19,145,190,29,2,112.75,11.22,10.29,35.54,0,0,39,3.0,8.0,0.0,0.0,37.5,148.0,171.0,6.0,4.0,86.55,309.0,229.0,17.0,15.0,134.93
DT Patil,2,2,13,13,1,0,5,5,2,0,100.0,6.5,7.69,38.46,0,0,9,0.0,0.0,0.0,0.0,0.0,9.0,12.0,0.0,0.0,75.0,4.0,1.0,1.0,0.0,400.0
DW Steyn,33,33,167,163,14,3,72,55,19,0,102.45,5.06,10.43,44.17,0,0,19,0.0,0.0,0.0,0.0,0.0,4.0,9.0,0.0,0.0,44.44,163.0,154.0,14.0,3.0,105.84
Dhruv Jurel,35,35,680,456,51,38,148,190,29,0,149.12,19.43,19.52,32.46,4,0,70,23.0,13.0,3.0,1.0,176.92,247.0,204.0,17.0,13.0,121.08,410.0,239.0,31.0,24.0,171.55
E Lewis,26,26,654,499,62,36,234,146,19,2,131.06,25.15,19.64,46.89,4,0,65,420.0,298.0,49.0,21.0,140.94,202.0,177.0,10.0,13.0,114.12,32.0,24.0,3.0,2.0,133.33
EJG Morgan,74,74,1406,1181,112,64,512,416,73,4,119.05,19.0,14.9,43.35,5,0,68,176.0,199.0,24.0,3.0,88.44,714.0,654.0,57.0,26.0,109.17,516.0,328.0,31.0,35.0,157.32
ER Dwivedi,2,2,24,15,2,2,7,4,0,0,160.0,12.0,26.67,46.67,0,0,19,5.0,6.0,1.0,0.0,83.33,0.0,0.0,0.0,0.0,0.0,19.0,9.0,1.0,2.0,211.11
F Behardien,3,3,14,13,2,0,5,6,0,0,107.69,4.67,15.38,38.46,0,0,9,0.0,0.0,0.0,0.0,0.0,0.0,1.0,0.0,0.0,0.0,14.0,12.0,2.0,0.0,116.67
F du Plessis,147,147,4773,3605,440,174,1289,1459,223,18,132.4,32.47,17.03,35.76,39,0,96,2281.0,1713.0,282.0,81.0,133.16,1924.0,1559.0,109.0,65.0,123.41,568.0,333.0,49.0,28.0,170.57
FA Allen,3,3,14,19,1,0,9,8,1,0,73.68,4.67,5.26,47.37,0,0,8,0.0,0.0,0.0,0.0,0.0,3.0,6.0,0.0,0.0,50.0,11.0,13.0,1.0,0.0,84.62
FH Edwards,2,2,4,5,0,0,3,1,0,1,80.0,2.0,0.0,60.0,0,0,3,0.0,0.0,0.0,0.0,0.0,0.0,0.0,0.0,0.0,0.0,4.0,5.0,0.0,0.0,80.0
FY Fazal,11,11,183,179,22,1,74,75,7,0,102.23,16.64,12.85,41.34,0,0,45,76.0,82.0,11.0,0.0,92.68,69.0,64.0,6.0,1.0,107.81,38.0,33.0,5.0,0.0,115.15
Fazalhaq Farooqi,3,3,5,15,0,0,10,5,0,0,33.33,1.67,0.0,66.67,0,0,2,0.0,0.0,0.0,0.0,0.0,0.0,0.0,0.0,0.0,0.0,5.0,15.0,0.0,0.0,33.33
G Coetzee,7,7,31,33,2,2,18,11,0,0,93.94,4.43,12.12,54.55,0,0,12,0.0,0.0,0.0,0.0,0.0,8.0,9.0,1.0,0.0,88.89,23.0,24.0,1.0,2.0,95.83
G Gambhir,151,151,4217,3524,492,59,1357,1352,249,15,119.67,27.93,15.64,38.51,36,0,93,2277.0,1945.0,310.0,34.0,117.07,1670.0,1386.0,154.0,19.0,120.49,270.0,193.0,28.0,6.0,139.9
GB Hogg,4,4,22,22,1,0,5,14,2,0,100.0,5.5,4.55,22.73,0,0,13,0.0,0.0,0.0,0.0,0.0,0.0,0.0,0.0,0.0,0.0,22.0,22.0,1.0,0.0,100.0
GC Smith,29,29,739,691,94,9,320,228,39,1,106.95,25.48,14.91,46.31,4,0,91,374.0,401.0,59.0,0.0,93.27,299.0,249.0,26.0,8.0,120.08,66.0,41.0,9.0,1.0,160.98
GC Viljoen,3,3,3,7,0,0,5,1,1,0,42.86,1.0,0.0,71.43,0,0,2,0.0,0.0,0.0,0.0,0.0,0.0,0.0,0.0,0.0,0.0,3.0,7.0,0.0,0.0,42.86
GD McGrath,2,2,4,5,1,0,4,0,0,0,80.0,2.0,20.0,80.0,0,0,4,0.0,0.0,0.0,0.0,0.0,0.0,0.0,0.0,0.0,0.0,4.0,5.0,1.0,0.0,80.0
GD Phillips,8,8,65,55,3,6,32,11,3,0,118.18,8.12,16.36,58.18,0,0,25,0.0,7.0,0.0,0.0,0.0,20.0,25.0,0.0,2.0,80.0,45.0,23.0,3.0,4.0,195.65
GH Vihari,23,23,284,331,23,1,146,137,23,1,85.8,12.35,7.25,44.11,0,0,46,59.0,92.0,5.0,0.0,64.13,145.0,169.0,10.0,1.0,85.8,80.0,70.0,8.0,0.0,114.29
GHS Garton,2,2,2,4,0,0,2,2,0,0,50.0,1.0,0.0,50.0,0,0,2,0.0,0.0,0.0,0.0,0.0,0.0,0.0,0.0,0.0,0.0,2.0,4.0,0.0,0.0,50.0
GJ Bailey,36,36,663,552,59,19,207,222,44,1,120.11,18.42,14.13,37.5,2,0,61,131.0,131.0,24.0,0.0,100.0,205.0,231.0,12.0,2.0,88.74,327.0,190.0,23.0,17.0,172.11
GJ Maxwell,134,134,2820,1896,238,161,732,633,127,5,148.73,21.04,21.04,38.61,18,0,95,433.0,318.0,59.0,16.0,136.16,1780.0,1226.0,128.0,108.0,145.19,607.0,352.0,51.0,37.0,172.44
GR Napier,1,1,15,16,1,0,7,5,3,0,93.75,15.0,6.25,43.75,0,0,15,0.0,0.0,0.0,0.0,0.0,10.0,12.0,0.0,0.0,83.33,5.0,4.0,1.0,0.0,125.0
Gulbadin Naib,1,1,19,15,1,1,4,9,0,0,126.67,19.0,13.33,26.67,0,0,19,0.0,0.0,0.0,0.0,0.0,4.0,5.0,0.0,0.0,80.0,15.0,10.0,1.0,1.0,150.0
Gurkeerat Singh,32,32,511,436,55,11,170,176,23,1,117.2,15.97,15.14,38.99,2,0,65,35.0,39.0,6.0,0.0,89.74,225.0,229.0,24.0,0.0,98.25,251.0,168.0,25.0,11.0,149.4
H Das,1,1,2,5,0,0,3,2,0,0,40.0,2.0,0.0,60.0,0,0,2,0.0,0.0,0.0,0.0,0.0,0.0,0.0,0.0,0.0,0.0,2.0,5.0,0.0,0.0,40.0
H Klaasen,45,45,1480,907,98,89,243,401,75,1,163.18,32.89,20.62,26.79,7,2,105,89.0,63.0,9.0,4.0,141.27,838.0,552.0,49.0,49.0,151.81,553.0,292.0,40.0,36.0,189.38
HC Brook,11,11,190,159,23,4,70,50,12,0,119.5,17.27,16.98,44.03,0,1,100,96.0,87.0,14.0,2.0,110.34,58.0,45.0,5.0,2.0,128.89,36.0,27.0,4.0,0.0,133.33
HE van der Dussen,3,3,22,25,2,0,12,8,3,0,88.0,7.33,8.0,48.0,0,0,12,0.0,0.0,0.0,0.0,0.0,10.0,15.0,1.0,0.0,66.67,12.0,10.0,1.0,0.0,120.0
HF Gurney,1,1,1,5,0,0,4,1,0,0,20.0,1.0,0.0,80.0,0,0,1,0.0,0.0,0.0,0.0,0.0,0.0,0.0,0.0,0.0,0.0,1.0,5.0,0.0,0.0,20.0
HH Gibbs,36,36,886,837,83,31,410,264,45,3,105.85,24.61,13.62,48.98,6,0,69,447.0,437.0,54.0,16.0,102.29,367.0,354.0,24.0,12.0,103.67,72.0,46.0,5.0,3.0,156.52
HH Pandya,140,140,2758,1962,207,150,709,770,120,5,140.57,19.7,18.2,36.14,10,0,91,169.0,182.0,25.0,1.0,92.86,1159.0,895.0,83.0,54.0,129.5,1430.0,885.0,99.0,95.0,161.58
HM Amla,16,16,577,418,60,21,150,164,22,1,138.04,36.06,19.38,35.89,3,2,104,261.0,206.0,33.0,8.0,126.7,194.0,158.0,14.0,5.0,122.78,122.0,54.0,13.0,8.0,225.93
HR Shokeen,5,5,66,67,9,0,33,20,5,0,98.51,13.2,13.43,49.25,0,0,25,1.0,5.0,0.0,0.0,20.0,42.0,43.0,5.0,0.0,97.67,23.0,19.0,4.0,0.0,121.05
HV Patel,41,41,270,241,16,15,107,90,13,0,112.03,6.59,12.86,44.4,0,0,36,0.0,0.0,0.0,0.0,0.0,67.0,79.0,3.0,4.0,84.81,203.0,162.0,13.0,11.0,125.31
Harbhajan Singh,88,88,833,636,79,42,285,195,35,0,130.97,9.47,19.03,44.81,1,0,64,62.0,54.0,8.0,1.0,114.81,147.0,148.0,14.0,6.0,99.32,624.0,434.0,57.0,35.0,143.78
Harmeet Singh,4,4,18,12,3,0,5,2,2,0,150.0,4.5,25.0,41.67,0,0,14,0.0,0.0,0.0,0.0,0.0,0.0,0.0,0.0,0.0,0.0,18.0,12.0,3.0,0.0,150.0
Harpreet Brar,26,26,244,214,19,10,93,76,16,0,114.02,9.38,13.55,43.46,0,0,29,0.0,0.0,0.0,0.0,0.0,40.0,54.0,4.0,1.0,74.07,204.0,160.0,15.0,9.0,127.5
Harpreet Singh,8,8,123,119,10,3,49,49,8,0,103.36,15.38,10.92,41.18,0,0,41,30.0,29.0,4.0,1.0,103.45,43.0,52.0,3.0,0.0,82.69,50.0,38.0,3.0,2.0,131.58
Harshit Rana,10,10,59,57,5,3,33,12,3,1,103.51,5.9,14.04,57.89,0,0,34,0.0,0.0,0.0,0.0,0.0,29.0,22.0,1.0,2.0,131.82,30.0,35.0,4.0,1.0,85.71
I Malhotra,1,1,7,4,1,0,0,3,0,0,175.0,7.0,25.0,0.0,0,0,7,0.0,0.0,0.0,0.0,0.0,0.0,0.0,0.0,0.0,0.0,7.0,4.0,1.0,0.0,175.0
I Sharma,21,21,57,71,4,2,39,23,3,0,80.28,2.71,8.45,54.93,0,0,10,0.0,0.0,0.0,0.0,0.0,12.0,14.0,2.0,0.0,85.71,45.0,57.0,2.0,2.0,78.95
I Udana,4,4,15,11,1,1,4,5,0,0,136.36,3.75,18.18,36.36,0,0,10,0.0,0.0,0.0,0.0,0.0,0.0,0.0,0.0,0.0,0.0,15.0,11.0,1.0,1.0,136.36
IC Pandey,1,1,0,2,0,0,2,0,0,0,0.0,0.0,0.0,100.0,0,0,0,0.0,0.0,0.0,0.0,0.0,0.0,0.0,0.0,0.0,0.0,0.0,2.0,0.0,0.0,0.0
IK Pathan,82,82,1150,985,88,38,373,407,76,2,116.75,14.02,12.79,37.87,1,0,60,92.0,69.0,12.0,2.0,133.33,395.0,451.0,16.0,10.0,87.58,663.0,465.0,60.0,26.0,142.58
IR Jaggi,7,7,76,100,6,0,51,36,5,2,76.0,10.86,6.0,51.0,0,0,28,25.0,37.0,3.0,0.0,67.57,38.0,48.0,3.0,0.0,79.17,13.0,15.0,0.0,0.0,86.67
IS Sodhi,2,2,7,18,0,0,11,7,0,0,38.89,3.5,0.0,61.11,0,0,6,0.0,0.0,0.0,0.0,0.0,2.0,7.0,0.0,0.0,28.57,5.0,11.0,0.0,0.0,45.45
Imran Tahir,8,8,33,37,5,0,21,9,2,0,89.19,4.12,13.51,56.76,0,0,13,0.0,0.0,0.0,0.0,0.0,4.0,6.0,1.0,0.0,66.67,29.0,31.0,4.0,0.0,93.55
Iqbal Abdulla,13,13,88,86,9,1,36,34,6,0,102.33,6.77,11.63,41.86,0,0,33,0.0,0.0,0.0,0.0,0.0,18.0,25.0,1.0,0.0,72.0,70.0,61.0,8.0,1.0,114.75
Ishan Kishan,112,112,2998,2237,288,134,886,820,105,4,134.02,26.77,18.86,39.61,17,1,106,1337.0,1031.0,169.0,51.0,129.68,1307.0,1010.0,87.0,62.0,129.41,354.0,196.0,32.0,21.0,180.61
J Arunkumar,3,3,23,24,5,0,16,3,0,0,95.83,7.67,20.83,66.67,0,0,22,23.0,24.0,5.0,0.0,95.83,0.0,0.0,0.0,0.0,0.0,0.0,0.0,0.0,0.0,0.0
J Botha,28,28,409,364,39,5,138,143,37,2,112.36,14.61,12.09,37.91,1,0,67,45.0,54.0,6.0,1.0,83.33,205.0,187.0,18.0,1.0,109.63,159.0,123.0,15.0,3.0,129.27
J Fraser-McGurk,15,15,385,203,39,30,93,34,6,1,189.66,25.67,33.99,45.81,4,0,84,298.0,151.0,35.0,22.0,197.35,87.0,52.0,4.0,8.0,167.31,0.0,0.0,0.0,0.0,0.0
J Overton,2,2,15,7,1,1,2,1,2,0,214.29,7.5,28.57,28.57,0,0,11,0.0,0.0,0.0,0.0,0.0,0.0,0.0,0.0,0.0,0.0,15.0,7.0,1.0,1.0,214.29
J Suchith,9,9,70,62,6,3,30,18,5,0,112.9,7.78,14.52,48.39,0,0,34,0.0,0.0,0.0,0.0,0.0,14.0,30.0,1.0,0.0,46.67,56.0,32.0,5.0,3.0,175.0
J Syed Mohammad,5,5,29,27,4,0,11,11,1,0,107.41,5.8,14.81,40.74,0,0,13,0.0,0.0,0.0,0.0,0.0,9.0,11.0,1.0,0.0,81.82,20.0,16.0,3.0,0.0,125.0
J Theron,4,4,10,13,1,0,6,6,0,0,76.92,2.5,7.69,46.15,0,0,7,0.0,0.0,0.0,0.0,0.0,0.0,0.0,0.0,0.0,0.0,10.0,13.0,1.0,0.0,76.92
J Yadav,4,4,40,38,2,1,14,16,5,0,105.26,10.0,7.89,36.84,0,0,23,0.0,0.0,0.0,0.0,0.0,9.0,9.0,1.0,0.0,100.0,31.0,29.0,1.0,1.0,106.9
JA Morkel,67,67,975,712,61,55,252,288,55,1,136.94,14.55,16.29,35.39,3,0,73,18.0,14.0,3.0,0.0,128.57,320.0,273.0,20.0,16.0,117.22,637.0,425.0,38.0,39.0,149.88
JA Richardson,3,3,17,27,2,0,17,7,1,0,62.96,5.67,7.41,62.96,0,0,15,0.0,0.0,0.0,0.0,0.0,15.0,23.0,2.0,0.0,65.22,2.0,4.0,0.0,0.0,50.0
JC Archer,30,30,262,183,14,18,68,68,15,0,143.17,8.73,17.49,37.16,0,0,30,0.0,4.0,0.0,0.0,0.0,45.0,38.0,3.0,3.0,118.42,217.0,141.0,11.0,15.0,153.9
JC Buttler,119,119,4121,2856,408,185,1102,954,198,8,144.29,34.63,20.76,38.59,24,7,124,1688.0,1251.0,212.0,70.0,134.93,1704.0,1214.0,143.0,66.0,140.36,729.0,391.0,53.0,49.0,186.45
JD Ryder,29,29,604,466,69,19,200,145,30,3,129.61,20.83,18.88,42.92,4,0,86,440.0,334.0,58.0,13.0,131.74,119.0,104.0,9.0,3.0,114.42,45.0,28.0,2.0,3.0,160.71
JD Unadkat,27,27,197,170,16,7,70,63,14,0,115.88,7.3,13.53,41.18,0,0,26,0.0,0.0,0.0,0.0,0.0,23.0,28.0,2.0,1.0,82.14,174.0,142.0,14.0,6.0,122.54
JDP Oram,11,11,106,110,6,5,50,46,3,0,96.36,9.64,10.0,45.45,0,0,41,0.0,0.0,0.0,0.0,0.0,44.0,59.0,2.0,1.0,74.58,62.0,51.0,4.0,4.0,121.57
JDS Neesham,10,10,92,93,6,2,40,34,11,0,98.92,9.2,8.6,43.01,0,0,22,0.0,0.0,0.0,0.0,0.0,50.0,46.0,4.0,0.0,108.7,42.0,47.0,2.0,2.0,89.36
JE Root,1,1,10,15,1,0,8,6,0,0,66.67,10.0,6.67,53.33,0,0,10,10.0,15.0,1.0,0.0,66.67,0.0,0.0,0.0,0.0,0.0,0.0,0.0,0.0,0.0,0.0
JE Taylor,2,2,3,4,0,0,2,1,1,0,75.0,1.5,0.0,50.0,0,0,2,0.0,0.0,0.0,0.0,0.0,0.0,0.0,0.0,0.0,0.0,3.0,4.0,0.0,0.0,75.0
JEC Franklin,16,16,327,309,25,9,124,129,22,0,105.83,20.44,11.0,40.13,1,0,79,79.0,96.0,10.0,1.0,82.29,151.0,143.0,4.0,7.0,105.59,97.0,70.0,11.0,1.0,138.57
JG Bethell,2,2,67,39,9,3,14,13,0,0,171.79,33.5,30.77,35.9,1,0,55,54.0,29.0,7.0,3.0,186.21,13.0,10.0,2.0,0.0,130.0,0.0,0.0,0.0,0.0,0.0
JH Kallis,95,95,2427,2291,255,44,982,888,113,8,105.94,25.55,13.05,42.86,17,0,89,1036.0,1024.0,150.0,15.0,101.17,997.0,1036.0,66.0,12.0,96.24,394.0,231.0,39.0,17.0,170.56
JJ Bumrah,27,27,68,81,5,1,38,32,5,0,83.95,2.52,7.41,46.91,0,0,16,0.0,0.0,0.0,0.0,0.0,5.0,5.0,1.0,0.0,100.0,63.0,76.0,4.0,1.0,82.89
JJ Roy,21,21,614,460,75,21,197,148,17,2,133.48,29.24,20.87,42.83,4,0,91,380.0,301.0,56.0,10.0,126.25,193.0,136.0,16.0,8.0,141.91,41.0,23.0,3.0,3.0,178.26
JJ van der Wath,3,3,18,17,1,1,8,6,1,0,105.88,6.0,11.76,47.06,0,0,14,0.0,0.0,0.0,0.0,0.0,4.0,5.0,0.0,0.0,80.0,14.0,12.0,1.0,1.0,116.67
JL Denly,1,1,0,1,0,0,1,0,0,0,0.0,0.0,0.0,100.0,0,0,0,0.0,1.0,0.0,0.0,0.0,0.0,0.0,0.0,0.0,0.0,0.0,0.0,0.0,0.0,0.0
JL Pattinson,2,2,15,13,2,0,4,7,0,0,115.38,7.5,15.38,30.77,0,0,11,0.0,0.0,0.0,0.0,0.0,0.0,0.0,0.0,0.0,0.0,15.0,13.0,2.0,0.0,115.38
JM Bairstow,52,52,1674,1181,173,74,479,378,71,6,141.74,32.19,20.91,40.56,9,2,114,944.0,647.0,120.0,39.0,145.9,655.0,477.0,51.0,30.0,137.32,75.0,57.0,2.0,5.0,131.58
JM Kemp,2,2,26,25,1,1,11,9,2,1,104.0,13.0,8.0,44.0,0,0,22,2.0,3.0,0.0,0.0,66.67,20.0,13.0,1.0,1.0,153.85,4.0,9.0,0.0,0.0,44.44
JM Sharma,47,47,991,656,77,62,249,226,41,1,151.07,21.09,21.19,37.96,1,0,85,13.0,23.0,2.0,0.0,56.52,554.0,396.0,45.0,29.0,139.9,424.0,237.0,30.0,33.0,178.9
JO Holder,27,27,259,217,13,18,98,77,11,0,119.35,9.59,14.29,45.16,0,0,47,12.0,18.0,3.0,0.0,66.67,73.0,61.0,1.0,6.0,119.67,174.0,138.0,9.0,12.0,126.09
JP Behrendorff,2,2,6,9,0,0,3,6,0,0,66.67,3.0,0.0,33.33,0,0,3,0.0,0.0,0.0,0.0,0.0,0.0,0.0,0.0,0.0,0.0,6.0,9.0,0.0,0.0,66.67
JP Duminy,75,75,2029,1680,126,79,562,781,126,6,120.77,27.05,12.2,33.45,14,0,78,235.0,250.0,30.0,6.0,94.0,912.0,900.0,40.0,25.0,101.33,882.0,530.0,56.0,48.0,166.42
JP Faulkner,45,45,527,406,36,23,145,160,41,1,129.8,11.71,14.53,35.71,0,0,46,14.0,20.0,2.0,0.0,70.0,74.0,92.0,4.0,2.0,80.43,439.0,294.0,30.0,21.0,149.32
JP Inglis,11,11,278,177,26,16,69,54,12,0,157.06,25.27,23.73,38.98,1,0,73,128.0,79.0,11.0,10.0,162.03,122.0,79.0,10.0,6.0,154.43,28.0,19.0,5.0,0.0,147.37
JPR Scantlebury-Searles,2,2,8,6,0,1,3,2,0,0,133.33,4.0,16.67,50.0,0,0,6,0.0,0.0,0.0,0.0,0.0,0.0,0.0,0.0,0.0,0.0,8.0,6.0,0.0,1.0,133.33
JR Hazlewood,7,7,19,30,1,0,15,13,1,0,63.33,2.71,3.33,50.0,0,0,7,0.0,0.0,0.0,0.0,0.0,2.0,11.0,0.0,0.0,18.18,17.0,19.0,1.0,0.0,89.47
JR Hopes,19,19,417,314,49,11,120,114,19,1,132.8,21.95,19.11,38.22,4,0,71,167.0,138.0,21.0,6.0,121.01,187.0,130.0,23.0,4.0,143.85,63.0,46.0,5.0,1.0,136.96
JR Philippe,5,5,78,80,9,1,38,28,4,0,97.5,15.6,12.5,47.5,0,0,33,51.0,57.0,6.0,1.0,89.47,26.0,21.0,3.0,0.0,123.81,1.0,2.0,0.0,0.0,50.0
Jaskaran Singh,4,4,8,11,0,0,5,4,2,0,72.73,2.0,0.0,45.45,0,0,4,0.0,0.0,0.0,0.0,0.0,1.0,2.0,0.0,0.0,50.0,7.0,9.0,0.0,0.0,77.78
Joginder Sharma,5,5,36,30,1,2,10,14,3,0,120.0,7.2,10.0,33.33,0,0,16,0.0,0.0,0.0,0.0,0.0,0.0,2.0,0.0,0.0,0.0,36.0,28.0,1.0,2.0,128.57
K Goel,16,16,218,239,17,9,130,71,11,1,91.21,13.62,10.88,54.39,0,0,38,160.0,166.0,13.0,7.0,96.39,28.0,42.0,1.0,1.0,66.67,30.0,31.0,3.0,1.0,96.77
K Gowtham,27,27,247,159,15,17,62,47,16,2,155.35,9.15,20.13,38.99,0,0,33,8.0,6.0,0.0,1.0,133.33,75.0,56.0,5.0,4.0,133.93,164.0,97.0,10.0,12.0,169.07
K Kartikeya,4,4,12,18,1,0,10,6,1,0,66.67,3.0,5.56,55.56,0,0,6,0.0,0.0,0.0,0.0,0.0,2.0,4.0,0.0,0.0,50.0,10.0,14.0,1.0,0.0,71.43
K Rabada,30,30,215,216,16,9,106,73,12,0,99.54,7.17,11.57,49.07,0,0,44,1.0,4.0,0.0,0.0,25.0,53.0,65.0,5.0,1.0,81.54,161.0,147.0,11.0,8.0,109.52
K Upadhyay,2,2,12,9,0,1,3,4,1,0,133.33,6.0,11.11,33.33,0,0,11,0.0,0.0,0.0,0.0,0.0,0.0,0.0,0.0,0.0,0.0,12.0,9.0,0.0,1.0,133.33
K Yadav,1,1,0,4,0,0,4,0,0,0,0.0,0.0,0.0,100.0,0,0,0,0.0,0.0,0.0,0.0,0.0,0.0,0.0,0.0,0.0,0.0,0.0,4.0,0.0,0.0,0.0
KA Jamieson,9,9,65,60,5,3,30,18,3,1,108.33,7.22,13.33,50.0,0,0,16,0.0,0.0,0.0,0.0,0.0,12.0,22.0,1.0,0.0,54.55,53.0,38.0,4.0,3.0,139.47
KA Maharaj,1,1,1,2,0,0,1,1,0,0,50.0,1.0,0.0,50.0,0,0,1,0.0,0.0,0.0,0.0,0.0,0.0,0.0,0.0,0.0,0.0,1.0,2.0,0.0,0.0,50.0
KA Pollard,168,168,3437,2447,221,224,967,872,154,8,140.46,20.46,18.19,39.52,16,0,87,53.0,54.0,4.0,2.0,98.15,1352.0,1123.0,88.0,78.0,120.39,2032.0,1270.0,129.0,144.0,160.0
KAJ Roach,1,1,10,9,1,0,3,4,1,0,111.11,10.0,11.11,33.33,0,0,10,0.0,0.0,0.0,0.0,0.0,5.0,2.0,1.0,0.0,250.0,5.0,7.0,0.0,0.0,71.43
KB Arun Karthik,8,8,51,53,4,1,24,20,3,1,96.23,6.38,9.43,45.28,0,0,19,0.0,0.0,0.0,0.0,0.0,26.0,23.0,2.0,1.0,113.04,25.0,30.0,2.0,0.0,83.33
KC Cariappa,5,5,24,21,0,2,8,10,1,0,114.29,4.8,9.52,38.1,0,0,12,0.0,0.0,0.0,0.0,0.0,12.0,8.0,0.0,1.0,150.0,12.0,13.0,0.0,1.0,92.31
KC Sangakkara,68,68,1687,1424,195,27,552,563,81,5,118.47,24.81,15.59,38.76,10,0,94,522.0,468.0,81.0,6.0,111.54,963.0,824.0,90.0,16.0,116.87,202.0,132.0,24.0,5.0,153.03
KD Karthik,233,233,4843,3687,466,161,1329,1464,258,6,131.35,20.79,17.01,36.05,22,0,97,397.0,414.0,55.0,6.0,95.89,2542.0,2122.0,240.0,56.0,119.79,1904.0,1151.0,171.0,99.0,165.42
KH Pandya,114,114,1756,1376,153,65,537,494,121,6,127.62,15.4,15.84,39.03,2,0,86,77.0,72.0,11.0,1.0,106.94,973.0,831.0,78.0,33.0,117.09,706.0,473.0,64.0,31.0,149.26
KJ Abbott,3,3,13,8,0,1,3,2,1,1,162.5,4.33,12.5,37.5,0,0,12,0.0,0.0,0.0,0.0,0.0,0.0,1.0,0.0,0.0,0.0,13.0,7.0,0.0,1.0,185.71
KK Ahmed,6,6,2,9,0,0,7,2,0,0,22.22,0.33,0.0,77.78,0,0,1,0.0,0.0,0.0,0.0,0.0,0.0,0.0,0.0,0.0,0.0,2.0,9.0,0.0,0.0,22.22
KK Cooper,12,12,116,70,9,8,29,16,8,0,165.71,9.67,24.29,41.43,0,0,32,7.0,2.0,0.0,1.0,350.0,30.0,24.0,2.0,2.0,125.0,79.0,44.0,7.0,5.0,179.55
KK Nair,76,76,1694,1314,185,49,519,470,85,5,128.92,22.29,17.81,39.5,11,0,89,613.0,490.0,87.0,16.0,125.1,806.0,664.0,74.0,19.0,121.39,275.0,160.0,24.0,14.0,171.88
KL Nagarkoti,7,7,22,34,1,0,17,14,2,0,64.71,3.14,2.94,50.0,0,0,8,0.0,0.0,0.0,0.0,0.0,6.0,13.0,0.0,0.0,46.15,16.0,21.0,1.0,0.0,76.19
KL Rahul,135,135,5235,3947,453,208,1389,1624,268,5,132.63,38.78,16.75,35.19,40,5,132,2196.0,1772.0,242.0,82.0,123.93,2200.0,1675.0,143.0,84.0,131.34,839.0,500.0,68.0,42.0,167.8
KM Asif,1,1,0,2,0,0,2,0,0,0,0.0,0.0,0.0,100.0,0,0,0,0.0,0.0,0.0,0.0,0.0,0.0,2.0,0.0,0.0,0.0,0.0,0.0,0.0,0.0,0.0
KM Jadhav,81,81,1208,1012,102,40,375,432,61,2,119.37,14.91,14.03,37.06,4,0,69,67.0,83.0,12.0,1.0,80.72,576.0,512.0,48.0,13.0,112.5,565.0,417.0,42.0,26.0,135.49
KMA Paul,5,5,18,26,1,1,17,6,1,0,69.23,3.6,7.69,65.38,0,0,7,0.0,0.0,0.0,0.0,0.0,0.0,0.0,0.0,0.0,0.0,18.0,26.0,1.0,1.0,69.23
KMDN Kulasekara,1,1,5,3,1,0,1,1,0,0,166.67,5.0,33.33,33.33,0,0,5,0.0,0.0,0.0,0.0,0.0,0.0,0.0,0.0,0.0,0.0,5.0,3.0,1.0,0.0,166.67
KP Appanna,3,3,2,4,0,0,2,2,0,0,50.0,0.67,0.0,50.0,0,0,1,0.0,0.0,0.0,0.0,0.0,0.0,0.0,0.0,0.0,0.0,2.0,4.0,0.0,0.0,50.0
KP Pietersen,36,36,1001,758,91,40,290,284,48,4,132.06,27.81,17.28,38.26,4,1,103,392.0,301.0,47.0,12.0,130.23,486.0,387.0,34.0,21.0,125.58,123.0,70.0,10.0,7.0,175.71
KR Mayers,13,13,379,276,38,22,141,58,16,0,137.32,29.15,21.74,51.09,4,0,73,282.0,217.0,34.0,13.0,129.95,97.0,59.0,4.0,9.0,164.41,0.0,0.0,0.0,0.0,0.0
KR Sen,1,1,0,3,0,0,3,0,0,0,0.0,0.0,0.0,100.0,0,0,0,0.0,0.0,0.0,0.0,0.0,0.0,0.0,0.0,0.0,0.0,0.0,3.0,0.0,0.0,0.0
KS Bharat,8,8,199,168,12,8,62,70,15,1,118.45,24.88,11.9,36.9,1,0,78,65.0,61.0,7.0,2.0,106.56,102.0,86.0,5.0,4.0,118.6,32.0,21.0,0.0,2.0,152.38
KS Rathore,1,1,0,5,0,0,5,0,0,0,0.0,0.0,0.0,100.0,0,0,0,0.0,5.0,0.0,0.0,0.0,0.0,0.0,0.0,0.0,0.0,0.0,0.0,0.0,0.0,0.0
KS Sharma,3,3,16,25,1,0,12,12,0,0,64.0,5.33,4.0,48.0,0,0,9,10.0,15.0,1.0,0.0,66.67,6.0,10.0,0.0,0.0,60.0,0.0,0.0,0.0,0.0,0.0
KS Williamson,76,76,2132,1734,187,64,622,733,119,8,122.95,28.05,14.48,35.87,18,0,89,483.0,493.0,63.0,7.0,97.97,1189.0,954.0,78.0,44.0,124.63,460.0,287.0,46.0,13.0,160.28
KT Maphaka,1,1,8,3,2,0,1,0,0,0,266.67,8.0,66.67,33.33,0,0,8,0.0,0.0,0.0,0.0,0.0,0.0,0.0,0.0,0.0,0.0,8.0,3.0,2.0,0.0,266.67
KV Sharma,40,40,352,307,20,17,125,121,23,1,114.66,8.8,12.05,40.72,0,0,39,7.0,9.0,1.0,0.0,77.78,97.0,106.0,6.0,2.0,91.51,248.0,192.0,13.0,15.0,129.17
KW Richardson,4,4,36,39,2,1,17,16,3,0,92.31,9.0,7.69,43.59,0,0,26,0.0,0.0,0.0,0.0,0.0,19.0,18.0,2.0,1.0,105.56,17.0,21.0,0.0,0.0,80.95
Kamran Akmal,6,6,128,78,13,8,33,20,4,0,164.1,21.33,26.92,42.31,1,0,53,51.0,41.0,8.0,2.0,124.39,51.0,20.0,3.0,5.0,255.0,26.0,17.0,2.0,1.0,152.94
Kamran Khan,1,1,3,5,0,0,3,1,1,0,60.0,3.0,0.0,60.0,0,0,3,0.0,0.0,0.0,0.0,0.0,3.0,4.0,0.0,0.0,75.0,0.0,1.0,0.0,0.0,0.0
Karanveer Singh,4,4,12,17,1,0,9,6,1,0,70.59,3.0,5.88,52.94,0,0,5,0.0,0.0,0.0,0.0,0.0,4.0,7.0,0.0,0.0,57.14,8.0,10.0,1.0,0.0,80.0
Kartik Tyagi,6,6,13,16,1,0,7,7,1,0,81.25,2.17,6.25,43.75,0,0,7,0.0,0.0,0.0,0.0,0.0,0.0,0.0,0.0,0.0,0.0,13.0,16.0,1.0,0.0,81.25
Kuldeep Yadav,37,37,201,240,18,3,122,83,14,0,83.75,5.43,8.75,50.83,0,0,35,0.0,0.0,0.0,0.0,0.0,20.0,37.0,2.0,0.0,54.05,181.0,203.0,16.0,3.0,89.16
Kumar Kushagra,3,3,3,7,0,0,5,1,1,0,42.86,1.0,0.0,71.43,0,0,2,2.0,3.0,0.0,0.0,66.67,1.0,3.0,0.0,0.0,33.33,0.0,1.0,0.0,0.0,0.0
L Ablish,1,1,0,2,0,0,2,0,0,0,0.0,0.0,0.0,100.0,0,0,0,0.0,0.0,0.0,0.0,0.0,0.0,0.0,0.0,0.0,0.0,0.0,2.0,0.0,0.0,0.0
L Balaji,13,13,36,50,2,1,29,15,2,1,72.0,2.77,6.0,58.0,0,0,15,0.0,0.0,0.0,0.0,0.0,1.0,4.0,0.0,0.0,25.0,35.0,46.0,2.0,1.0,76.09
L Ngidi,1,1,0,2,0,0,2,0,0,0,0.0,0.0,0.0,100.0,0,0,0,0.0,0.0,0.0,0.0,0.0,0.0,0.0,0.0,0.0,0.0,0.0,2.0,0.0,0.0,0.0
L Ronchi,5,5,34,37,6,1,26,4,0,0,91.89,6.8,18.92,70.27,0,0,13,34.0,37.0,6.0,1.0,91.89,0.0,0.0,0.0,0.0,0.0,0.0,0.0,0.0,0.0,0.0
L Wood,1,1,9,3,0,1,0,1,1,0,300.0,9.0,33.33,0.0,0,0,9,0.0,0.0,0.0,0.0,0.0,0.0,0.0,0.0,0.0,0.0,9.0,3.0,0.0,1.0,300.0
LA Carseldine,5,5,81,71,11,0,31,23,4,2,114.08,16.2,15.49,43.66,0,0,39,38.0,36.0,7.0,0.0,105.56,23.0,22.0,2.0,0.0,104.55,20.0,13.0,2.0,0.0,153.85
LA Pomersbach,16,16,302,251,25,13,109,85,18,1,120.32,18.88,15.14,43.43,1,0,79,104.0,81.0,11.0,4.0,128.4,131.0,119.0,9.0,6.0,110.08,67.0,51.0,5.0,3.0,131.37
LB Williams,1,1,1,2,0,0,1,1,0,0,50.0,1.0,0.0,50.0,0,0,1,0.0,0.0,0.0,0.0,0.0,0.0,0.0,0.0,0.0,0.0,1.0,2.0,0.0,0.0,50.0
LE Plunkett,2,2,1,3,0,0,2,1,0,0,33.33,0.5,0.0,66.67,0,0,1,0.0,0.0,0.0,0.0,0.0,0.0,0.0,0.0,0.0,0.0,1.0,3.0,0.0,0.0,33.33
LH Ferguson,8,8,72,49,7,2,14,20,6,0,146.94,9.0,18.37,28.57,0,0,24,0.0,0.0,0.0,0.0,0.0,0.0,0.0,0.0,0.0,0.0,72.0,49.0,7.0,2.0,146.94
LJ Wright,5,5,106,63,16,3,22,20,2,0,168.25,21.2,30.16,34.92,0,0,44,8.0,9.0,0.0,1.0,88.89,14.0,16.0,2.0,0.0,87.5,84.0,38.0,14.0,2.0,221.05
LMP Simmons,29,29,1079,878,109,44,402,269,52,2,122.89,37.21,17.43,45.79,11,1,100,542.0,480.0,67.0,19.0,112.92,481.0,360.0,38.0,22.0,133.61,56.0,38.0,4.0,3.0,147.37
LPC Silva,3,3,40,27,5,1,10,8,3,0,148.15,13.33,22.22,37.04,0,0,23,9.0,8.0,2.0,0.0,112.5,8.0,9.0,1.0,0.0,88.89,23.0,10.0,2.0,1.0,230.0
LR Shukla,33,33,405,358,33,16,152,137,20,0,113.13,12.27,13.69,42.46,0,0,48,2.0,5.0,0.0,0.0,40.0,184.0,182.0,14.0,7.0,101.1,219.0,171.0,19.0,9.0,128.07
LRPL Taylor,54,54,1017,847,66,46,334,334,62,3,120.07,18.83,13.22,39.43,3,0,81,155.0,125.0,18.0,7.0,124.0,550.0,518.0,28.0,20.0,106.18,312.0,204.0,20.0,19.0,152.94
LS Livingstone,47,47,1051,699,70,75,264,261,27,2,150.36,22.36,20.74,37.77,7,0,94,167.0,121.0,18.0,10.0,138.02,540.0,410.0,33.0,32.0,131.71,344.0,168.0,19.0,33.0,204.76
Lalit Yadav,21,21,305,301,27,7,129,122,15,1,101.33,14.52,11.3,42.86,0,0,48,25.0,32.0,3.0,0.0,78.12,186.0,184.0,14.0,5.0,101.09,94.0,85.0,10.0,2.0,110.59
Liton Das,1,1,4,4,1,0,3,0,0,0,100.0,4.0,25.0,75.0,0,0,4,4.0,4.0,1.0,0.0,100.0,0.0,0.0,0.0,0.0,0.0,0.0,0.0,0.0,0.0,0.0
M Ashwin,12,12,35,50,2,1,27,19,1,0,70.0,2.92,6.0,54.0,0,0,9,0.0,0.0,0.0,0.0,0.0,5.0,13.0,0.0,0.0,38.46,30.0,37.0,2.0,1.0,81.08
M Jansen,20,20,141,136,8,6,57,57,8,0,103.68,7.05,10.29,41.91,0,0,34,0.0,0.0,0.0,0.0,0.0,32.0,32.0,2.0,1.0,100.0,109.0,104.0,6.0,5.0,104.81
M Kaif,22,22,259,258,22,6,120,86,23,1,100.39,11.77,10.85,46.51,0,0,34,22.0,39.0,4.0,0.0,56.41,183.0,174.0,14.0,5.0,105.17,54.0,45.0,4.0,1.0,120.0
M Kartik,14,14,113,109,7,1,32,60,8,1,103.67,8.07,7.34,29.36,0,0,21,0.0,0.0,0.0,0.0,0.0,35.0,32.0,4.0,0.0,109.38,78.0,77.0,3.0,1.0,101.3
M Klinger,4,4,73,78,9,0,36,30,2,1,93.59,18.25,11.54,46.15,0,0,29,50.0,50.0,7.0,0.0,100.0,23.0,28.0,2.0,0.0,82.14,0.0,0.0,0.0,0.0,0.0
M Manhas,38,38,514,486,43,10,197,191,44,1,105.76,13.53,10.91,40.53,0,0,42,46.0,55.0,6.0,1.0,83.64,224.0,241.0,19.0,2.0,92.95,244.0,190.0,18.0,7.0,128.42
M Markande,10,10,48,44,5,1,20,14,4,0,109.09,4.8,13.64,45.45,0,0,18,0.0,0.0,0.0,0.0,0.0,0.0,1.0,0.0,0.0,0.0,48.0,43.0,5.0,1.0,111.63
M Morkel,20,20,126,93,11,5,35,33,8,1,135.48,6.3,17.2,37.63,0,0,23,0.0,0.0,0.0,0.0,0.0,10.0,10.0,1.0,0.0,100.0,116.0,83.0,10.0,5.0,139.76
M Muralitharan,9,9,20,30,1,0,17,9,2,1,66.67,2.22,3.33,56.67,0,0,6,0.0,0.0,0.0,0.0,0.0,0.0,0.0,0.0,0.0,0.0,20.0,30.0,1.0,0.0,66.67
M Ntini,2,2,11,19,2,0,15,1,1,0,57.89,5.5,10.53,78.95,0,0,11,0.0,0.0,0.0,0.0,0.0,0.0,0.0,0.0,0.0,0.0,11.0,19.0,2.0,0.0,57.89
M Prasidh Krishna,7,7,9,24,0,0,15,9,0,0,37.5,1.29,0.0,62.5,0,0,4,0.0,0.0,0.0,0.0,0.0,0.0,0.0,0.0,0.0,0.0,9.0,24.0,0.0,0.0,37.5
M Rawat,11,11,55,70,4,1,34,29,2,0,78.57,5.0,7.14,48.57,0,0,23,0.0,2.0,0.0,0.0,0.0,15.0,22.0,0.0,1.0,68.18,40.0,46.0,4.0,0.0,86.96
M Shahrukh Khan,48,48,732,517,46,50,200,194,27,0,141.59,15.25,18.57,38.68,2,0,58,23.0,21.0,2.0,1.0,109.52,318.0,247.0,18.0,23.0,128.74,391.0,249.0,26.0,26.0,157.03
M Theekshana,6,6,17,34,0,1,22,11,0,0,50.0,2.83,2.94,64.71,0,0,7,0.0,0.0,0.0,0.0,0.0,2.0,12.0,0.0,0.0,16.67,15.0,22.0,0.0,1.0,68.18
M Tiwari,1,1,3,4,0,0,2,1,1,0,75.0,3.0,0.0,50.0,0,0,3,0.0,0.0,0.0,0.0,0.0,1.0,2.0,0.0,0.0,50.0,2.0,2.0,0.0,0.0,100.0
M Vijay,105,105,2619,2208,247,91,987,701,164,17,118.61,24.94,15.31,44.7,13,2,127,1574.0,1416.0,176.0,46.0,111.16,920.0,720.0,62.0,38.0,127.78,125.0,72.0,9.0,7.0,173.61
M Vohra,51,51,1083,863,104,43,393,249,64,9,125.49,21.24,17.03,45.54,3,0,95,691.0,566.0,73.0,27.0,122.08,330.0,269.0,24.0,12.0,122.68,62.0,28.0,7.0,4.0,221.43
M de Lange,1,1,1,2,0,0,1,1,0,0,50.0,1.0,0.0,50.0,0,0,1,0.0,0.0,0.0,0.0,0.0,0.0,0.0,0.0,0.0,0.0,1.0,2.0,0.0,0.0,50.0
MA Agarwal,125,125,2764,2146,275,100,852,786,125,6,128.8,22.11,17.47,39.7,13,1,106,1418.0,1207.0,170.0,42.0,117.48,1094.0,815.0,85.0,42.0,134.23,252.0,124.0,20.0,16.0,203.23
MA Khote,3,3,24,22,2,1,10,8,1,0,109.09,8.0,13.64,45.45,0,0,9,0.0,0.0,0.0,0.0,0.0,6.0,7.0,0.0,0.0,85.71,18.0,15.0,2.0,1.0,120.0
MA Starc,21,21,111,120,11,0,51,49,9,0,92.5,5.29,9.17,42.5,0,0,29,0.0,0.0,0.0,0.0,0.0,37.0,35.0,4.0,0.0,105.71,74.0,85.0,7.0,0.0,87.06
MA Wood,3,3,12,10,1,1,6,2,0,0,120.0,4.0,20.0,60.0,0,0,10,0.0,0.0,0.0,0.0,0.0,0.0,0.0,0.0,0.0,0.0,12.0,10.0,1.0,1.0,120.0
MC Henriques,54,54,1000,801,87,28,284,323,76,3,124.84,18.52,14.36,35.46,5,0,74,161.0,144.0,17.0,3.0,111.81,504.0,453.0,42.0,11.0,111.26,335.0,204.0,28.0,14.0,164.22
MC Juneja,7,7,125,134,11,1,54,61,7,0,93.28,17.86,8.96,40.3,0,0,49,20.0,18.0,3.0,0.0,111.11,88.0,100.0,7.0,0.0,88.0,17.0,16.0,1.0,1.0,106.25
MD Mishra,17,17,237,213,24,8,102,65,14,0,111.27,13.94,15.02,47.89,0,0,41,129.0,128.0,17.0,3.0,100.78,81.0,66.0,6.0,3.0,122.73,27.0,19.0,1.0,2.0,142.11
MD Shanaka,3,3,26,26,2,1,12,10,1,0,100.0,8.67,11.54,46.15,0,0,17,0.0,1.0,0.0,0.0,0.0,17.0,16.0,1.0,1.0,106.25,9.0,9.0,1.0,0.0,100.0
MDKJ Perera,2,2,14,13,3,0,8,2,0,0,107.69,7.0,23.08,61.54,0,0,14,14.0,13.0,3.0,0.0,107.69,0.0,0.0,0.0,0.0,0.0,0.0,0.0,0.0,0.0,0.0
MEK Hussey,58,58,1977,1648,198,52,643,648,96,11,119.96,34.09,15.17,39.02,15,1,116,828.0,791.0,105.0,16.0,104.68,888.0,719.0,69.0,23.0,123.5,261.0,138.0,24.0,13.0,189.13
MF Maharoof,14,14,177,124,12,9,44,43,16,0,142.74,12.64,16.94,35.48,0,0,39,0.0,0.0,0.0,0.0,0.0,42.0,34.0,3.0,2.0,123.53,135.0,90.0,9.0,7.0,150.0
MG Bracewell,4,4,58,49,6,1,17,22,3,0,118.37,14.5,14.29,34.69,0,0,26,2.0,2.0,0.0,0.0,100.0,43.0,33.0,6.0,1.0,130.3,13.0,14.0,0.0,0.0,92.86
MG Johnson,28,28,167,168,10,7,80,58,12,1,99.4,5.96,10.12,47.62,0,0,16,0.0,0.0,0.0,0.0,0.0,10.0,21.0,1.0,0.0,47.62,157.0,147.0,9.0,7.0,106.8
MJ Clarke,6,6,98,96,12,0,43,35,5,0,102.08,16.33,12.5,44.79,0,0,41,76.0,64.0,11.0,0.0,118.75,22.0,32.0,1.0,0.0,68.75,0.0,0.0,0.0,0.0,0.0
MJ Guptill,13,13,271,197,24,15,88,60,7,2,137.56,20.85,19.8,44.67,1,0,50,219.0,157.0,22.0,11.0,139.49,52.0,40.0,2.0,4.0,130.0,0.0,0.0,0.0,0.0,0.0
MJ Lumb,12,12,278,198,45,6,96,41,9,1,140.4,23.17,25.76,48.48,1,0,83,225.0,157.0,37.0,5.0,143.31,53.0,41.0,8.0,1.0,129.27,0.0,0.0,0.0,0.0,0.0
MJ McClenaghan,20,20,85,73,5,7,39,21,1,0,116.44,4.25,16.44,53.42,0,0,20,0.0,1.0,0.0,0.0,0.0,29.0,20.0,1.0,3.0,145.0,56.0,52.0,4.0,4.0,107.69
MJ Owen,1,1,0,2,0,0,2,0,0,0,0.0,0.0,0.0,100.0,0,0,0,0.0,2.0,0.0,0.0,0.0,0.0,0.0,0.0,0.0,0.0,0.0,0.0,0.0,0.0,0.0
MJ Santner,19,19,110,111,6,6,54,40,5,0,99.1,5.79,10.81,48.65,0,0,22,20.0,27.0,3.0,0.0,74.07,22.0,32.0,1.0,0.0,68.75,68.0,52.0,2.0,6.0,130.77
MJ Suthar,1,1,1,2,0,0,1,1,0,0,50.0,1.0,0.0,50.0,0,0,1,0.0,0.0,0.0,0.0,0.0,0.0,0.0,0.0,0.0,0.0,1.0,2.0,0.0,0.0,50.0
MK Lomror,35,35,527,389,33,30,136,165,25,0,135.48,15.06,16.2,34.96,1,0,54,31.0,38.0,3.0,1.0,81.58,266.0,198.0,10.0,18.0,134.34,230.0,153.0,20.0,11.0,150.33
MK Pandey,161,161,3951,3355,340,116,1269,1386,229,12,117.76,24.54,13.59,37.82,22,1,114,1133.0,1027.0,148.0,23.0,110.32,2105.0,1834.0,143.0,62.0,114.78,713.0,494.0,49.0,31.0,144.33
MK Tiwary,83,83,1695,1489,156,40,571,633,77,8,113.83,20.42,13.16,38.35,7,0,75,224.0,232.0,25.0,5.0,96.55,874.0,831.0,75.0,18.0,105.17,597.0,426.0,56.0,17.0,140.14
ML Hayden,32,32,1107,839,121,44,367,257,48,2,131.94,34.59,19.67,43.74,8,0,93,599.0,482.0,81.0,20.0,124.27,412.0,304.0,31.0,19.0,135.53,96.0,53.0,9.0,5.0,181.13
MM Ali,59,59,1167,865,95,67,357,307,39,0,134.91,19.78,18.73,41.27,6,0,93,233.0,198.0,28.0,12.0,117.68,655.0,500.0,45.0,36.0,131.0,279.0,167.0,22.0,19.0,167.07
MM Patel,12,12,39,41,5,0,18,17,1,0,95.12,3.25,12.2,43.9,0,0,23,0.0,0.0,0.0,0.0,0.0,0.0,3.0,0.0,0.0,0.0,39.0,38.0,5.0,0.0,102.63
MM Sharma,30,30,125,140,9,4,71,48,7,1,89.29,4.17,9.29,50.71,0,0,21,0.0,0.0,0.0,0.0,0.0,36.0,49.0,3.0,1.0,73.47,89.0,91.0,6.0,3.0,97.8
MN Samuels,14,14,161,174,9,7,86,61,11,0,92.53,11.5,9.2,49.43,0,0,46,9.0,26.0,1.0,0.0,34.62,127.0,131.0,7.0,6.0,96.95,25.0,17.0,1.0,1.0,147.06
MN van Wyk,5,5,167,135,19,1,44,58,12,1,123.7,33.4,14.81,32.59,1,0,74,28.0,27.0,5.0,0.0,103.7,73.0,65.0,7.0,0.0,112.31,66.0,43.0,7.0,1.0,153.49
MP Breetzke,1,1,14,12,1,1,7,2,1,0,116.67,14.0,16.67,58.33,0,0,14,14.0,12.0,1.0,1.0,116.67,0.0,0.0,0.0,0.0,0.0,0.0,0.0,0.0,0.0,0.0
MP Stoinis,99,99,2026,1457,158,106,537,558,96,1,139.05,20.46,18.12,36.86,9,1,124,296.0,250.0,41.0,8.0,118.4,873.0,695.0,50.0,47.0,125.61,857.0,512.0,67.0,51.0,167.38
MR Marsh,49,49,1292,933,104,75,375,336,39,4,138.48,26.37,19.19,40.19,9,1,117,518.0,356.0,49.0,32.0,145.51,566.0,437.0,42.0,28.0,129.52,208.0,140.0,13.0,15.0,148.57
MS Bhandage,1,1,1,4,0,0,3,1,0,0,25.0,1.0,0.0,75.0,0,0,1,0.0,0.0,0.0,0.0,0.0,1.0,4.0,0.0,0.0,25.0,0.0,0.0,0.0,0.0,0.0
MS Bisla,39,39,798,737,93,23,375,207,36,3,108.28,20.46,15.74,50.88,4,0,92,474.0,460.0,70.0,11.0,103.04,272.0,244.0,16.0,10.0,111.48,52.0,33.0,7.0,2.0,157.58
MS Dhoni,241,241,5439,4101,375,264,1481,1622,344,15,132.63,22.57,15.58,36.11,24,0,84,59.0,78.0,10.0,0.0,75.64,1912.0,1940.0,113.0,56.0,98.56,3468.0,2083.0,252.0,208.0,166.49
MS Gony,15,15,99,76,6,8,39,19,4,0,130.26,6.6,18.42,51.32,0,0,42,0.0,0.0,0.0,0.0,0.0,11.0,17.0,0.0,1.0,64.71,88.0,59.0,6.0,7.0,149.15
MS Wade,14,14,183,185,23,2,93,55,12,0,98.92,13.07,13.51,50.27,0,0,35,113.0,103.0,19.0,2.0,109.71,70.0,82.0,4.0,0.0,85.37,0.0,0.0,0.0,0.0,0.0
MV Boucher,23,23,394,318,32,13,116,127,29,1,123.9,17.13,14.15,36.48,1,0,50,22.0,24.0,3.0,0.0,91.67,137.0,142.0,11.0,2.0,96.48,235.0,152.0,18.0,11.0,154.61
MW Short,6,6,117,99,15,4,52,23,5,0,118.18,19.5,19.19,52.53,0,0,36,107.0,84.0,15.0,4.0,127.38,10.0,15.0,0.0,0.0,66.67,0.0,0.0,0.0,0.0,0.0
Mandeep Singh,97,97,1706,1418,176,38,555,531,113,4,120.31,17.59,15.09,39.14,6,0,77,633.0,569.0,94.0,8.0,111.25,663.0,569.0,50.0,16.0,116.52,410.0,280.0,32.0,14.0,146.43
Mashrafe Mortaza,1,1,2,2,0,0,1,0,1,0,100.0,2.0,0.0,50.0,0,0,2,0.0,0.0,0.0,0.0,0.0,0.0,0.0,0.0,0.0,0.0,2.0,2.0,0.0,0.0,100.0
Mayank Dagar,1,1,0,1,0,0,1,0,0,0,0.0,0.0,0.0,100.0,0,0,0,0.0,0.0,0.0,0.0,0.0,0.0,0.0,0.0,0.0,0.0,0.0,1.0,0.0,0.0,0.0
Misbah-ul-Haq,8,8,117,82,10,6,31,29,6,0,142.68,14.62,19.51,37.8,0,0,47,27.0,19.0,4.0,1.0,142.11,48.0,43.0,4.0,1.0,111.63,42.0,20.0,2.0,4.0,210.0
Mohammad Ashraful,1,1,2,12,0,0,10,2,0,0,16.67,2.0,0.0,83.33,0,0,2,2.0,12.0,0.0,0.0,16.67,0.0,0.0,0.0,0.0,0.0,0.0,0.0,0.0,0.0,0.0
Mohammad Asif,2,2,3,6,0,0,3,3,0,0,50.0,1.5,0.0,50.0,0,0,3,0.0,0.0,0.0,0.0,0.0,2.0,3.0,0.0,0.0,66.67,1.0,3.0,0.0,0.0,33.33
Mohammad Hafeez,8,8,64,84,7,2,51,24,0,0,76.19,8.0,10.71,60.71,0,0,16,28.0,37.0,4.0,1.0,75.68,26.0,38.0,1.0,1.0,68.42,10.0,9.0,2.0,0.0,111.11
Mohammad Nabi,19,19,221,157,18,12,60,58,8,1,140.76,11.63,19.11,38.22,0,0,31,26.0,15.0,2.0,2.0,173.33,66.0,50.0,3.0,3.0,132.0,129.0,92.0,13.0,7.0,140.22
Mohammed Shami,27,27,84,93,7,2,46,32,6,0,90.32,3.11,9.68,49.46,0,0,21,0.0,0.0,0.0,0.0,0.0,15.0,15.0,1.0,1.0,100.0,69.0,78.0,6.0,1.0,88.46
Mohammed Siraj,21,21,112,127,10,4,71,36,6,0,88.19,5.33,11.02,55.91,0,0,14,0.0,0.0,0.0,0.0,0.0,0.0,0.0,0.0,0.0,0.0,112.0,127.0,10.0,4.0,88.19
Mohit Rathee,1,1,1,2,0,0,1,1,0,0,50.0,1.0,0.0,50.0,0,0,1,0.0,0.0,0.0,0.0,0.0,0.0,0.0,0.0,0.0,0.0,1.0,2.0,0.0,0.0,50.0
Mohsin Khan,5,5,25,27,2,1,15,7,2,0,92.59,5.0,11.11,55.56,0,0,13,0.0,0.0,0.0,0.0,0.0,1.0,3.0,0.0,0.0,33.33,24.0,24.0,2.0,1.0,100.0
Mujeeb Ur Rahman,6,6,12,15,2,0,9,4,0,0,80.0,2.0,13.33,60.0,0,0,10,0.0,0.0,0.0,0.0,0.0,1.0,3.0,0.0,0.0,33.33,11.0,12.0,2.0,0.0,91.67
Mukesh Choudhary,2,2,6,6,1,0,3,2,0,0,100.0,3.0,16.67,50.0,0,0,4,0.0,0.0,0.0,0.0,0.0,4.0,4.0,1.0,0.0,100.0,2.0,2.0,0.0,0.0,100.0
Mukesh Kumar,5,5,10,20,0,0,10,10,0,0,50.0,2.0,0.0,50.0,0,0,6,0.0,0.0,0.0,0.0,0.0,0.0,0.0,0.0,0.0,0.0,10.0,20.0,0.0,0.0,50.0
Musheer Khan,1,1,0,3,0,0,3,0,0,0,0.0,0.0,0.0,100.0,0,0,0,0.0,0.0,0.0,0.0,0.0,0.0,3.0,0.0,0.0,0.0,0.0,0.0,0.0,0.0,0.0
Mustafizur Rahman,7,7,13,24,0,1,16,7,0,0,54.17,1.86,4.17,66.67,0,0,8,0.0,0.0,0.0,0.0,0.0,0.0,0.0,0.0,0.0,0.0,13.0,24.0,0.0,1.0,54.17
N Jagadeesan,10,10,162,155,21,2,73,52,7,0,104.52,16.2,14.84,47.1,0,0,39,64.0,64.0,10.0,1.0,100.0,87.0,75.0,11.0,1.0,116.0,11.0,16.0,0.0,0.0,68.75
N Pooran,86,86,2293,1433,158,167,532,496,77,3,160.01,26.66,22.68,37.12,14,0,87,179.0,121.0,17.0,13.0,147.93,1276.0,798.0,82.0,96.0,159.9,838.0,514.0,59.0,58.0,163.04
N Rana,112,112,2853,2156,261,141,890,774,83,6,132.33,25.47,18.65,41.28,20,0,87,734.0,619.0,94.0,30.0,118.58,1692.0,1286.0,128.0,84.0,131.57,427.0,251.0,39.0,27.0,170.12
N Saini,10,10,140,143,16,0,68,43,15,1,97.9,14.0,11.19,47.55,1,0,50,80.0,86.0,10.0,0.0,93.02,53.0,49.0,5.0,0.0,108.16,7.0,8.0,1.0,0.0,87.5
N Wadhera,31,31,719,522,60,39,205,192,25,1,137.74,23.19,18.97,39.27,4,0,70,53.0,47.0,4.0,3.0,112.77,533.0,396.0,47.0,25.0,134.6,133.0,79.0,9.0,11.0,168.35
ND Doshi,1,1,0,13,0,0,13,0,0,0,0.0,0.0,0.0,100.0,0,0,0,0.0,0.0,0.0,0.0,0.0,0.0,0.0,0.0,0.0,0.0,0.0,13.0,0.0,0.0,0.0
NJ Maddinson,3,3,20,21,4,0,15,1,0,1,95.24,6.67,19.05,71.43,0,0,12,20.0,21.0,4.0,0.0,95.24,0.0,0.0,0.0,0.0,0.0,0.0,0.0,0.0,0.0,0.0
NJ Rimmington,1,1,1,1,0,0,0,1,0,0,100.0,1.0,0.0,0.0,0,0,1,0.0,0.0,0.0,0.0,0.0,0.0,0.0,0.0,0.0,0.0,1.0,1.0,0.0,0.0,100.0
NK Patel,6,6,121,124,14,1,61,38,9,1,97.58,20.17,12.1,49.19,1,0,57,45.0,59.0,8.0,0.0,76.27,39.0,42.0,3.0,0.0,92.86,37.0,23.0,3.0,1.0,160.87
NL McCullum,2,2,26,23,0,1,8,9,4,1,113.04,13.0,4.35,34.78,0,0,15,0.0,0.0,0.0,0.0,0.0,6.0,5.0,0.0,0.0,120.0,20.0,18.0,0.0,1.0,111.11
NLTC Perera,30,30,424,326,23,26,129,121,26,1,130.06,14.13,15.03,39.57,0,0,40,20.0,18.0,4.0,0.0,111.11,137.0,119.0,6.0,8.0,115.13,267.0,189.0,13.0,18.0,141.27
NM Coulter-Nile,16,16,82,75,7,4,39,20,5,0,109.33,5.12,14.67,52.0,0,0,24,0.0,0.0,0.0,0.0,0.0,9.0,16.0,2.0,0.0,56.25,73.0,59.0,5.0,4.0,123.73
NS Naik,4,4,31,53,2,0,31,17,3,0,58.49,7.75,3.77,58.49,0,0,22,7.0,17.0,1.0,0.0,41.18,11.0,14.0,1.0,0.0,78.57,13.0,22.0,0.0,0.0,59.09
NT Ellis,5,5,19,26,0,1,14,9,2,0,73.08,3.8,3.85,53.85,0,0,12,0.0,0.0,0.0,0.0,0.0,0.0,7.0,0.0,0.0,0.0,19.0,19.0,0.0,1.0,100.0
NV Ojha,94,94,1554,1360,121,79,648,438,64,10,114.26,16.53,14.71,47.65,6,0,94,494.0,503.0,58.0,21.0,98.21,649.0,549.0,38.0,32.0,118.21,411.0,308.0,25.0,26.0,133.44
Naman Dhir,19,19,392,226,37,23,74,78,14,0,173.45,20.63,26.55,32.74,1,0,62,73.0,52.0,8.0,4.0,140.38,72.0,46.0,6.0,4.0,156.52,247.0,128.0,23.0,15.0,192.97
Navdeep Saini,7,7,33,38,3,0,17,15,3,0,86.84,4.71,7.89,44.74,0,0,12,0.0,1.0,0.0,0.0,0.0,5.0,10.0,0.0,0.0,50.0,28.0,27.0,3.0,0.0,103.7
Naveen-ul-Haq,4,4,18,26,2,0,16,6,2,0,69.23,4.5,7.69,61.54,0,0,13,0.0,0.0,0.0,0.0,0.0,1.0,5.0,0.0,0.0,20.0,17.0,21.0,2.0,0.0,80.95
Nithish Kumar Reddy,22,22,485,382,31,25,141,160,24,1,126.96,22.05,14.66,36.91,2,0,76,71.0,79.0,4.0,3.0,89.87,314.0,243.0,21.0,15.0,129.22,100.0,60.0,6.0,7.0,166.67
Noor Ahmad,11,11,20,35,2,0,23,8,2,0,57.14,1.82,5.71,65.71,0,0,7,0.0,0.0,0.0,0.0,0.0,1.0,3.0,0.0,0.0,33.33,19.0,32.0,2.0,0.0,59.38
OA Shah,22,22,506,405,34,23,149,168,29,2,124.94,23.0,14.07,36.79,4,0,76,23.0,18.0,1.0,2.0,127.78,214.0,208.0,13.0,8.0,102.88,269.0,179.0,20.0,13.0,150.28
OC McCoy,1,1,8,5,0,1,2,2,0,0,160.0,8.0,20.0,40.0,0,0,8,0.0,0.0,0.0,0.0,0.0,0.0,0.0,0.0,0.0,0.0,8.0,5.0,0.0,1.0,160.0
OF Smith,6,6,51,50,1,5,29,13,2,0,102.0,8.5,12.0,58.0,0,0,25,0.0,0.0,0.0,0.0,0.0,3.0,10.0,0.0,0.0,30.0,48.0,40.0,1.0,5.0,120.0
P Awana,5,5,5,14,0,0,9,5,0,0,35.71,1.0,0.0,64.29,0,0,4,0.0,0.0,0.0,0.0,0.0,0.0,0.0,0.0,0.0,0.0,5.0,14.0,0.0,0.0,35.71
P Chopra,1,1,8,6,2,0,4,0,0,0,133.33,8.0,33.33,66.67,0,0,8,0.0,0.0,0.0,0.0,0.0,8.0,6.0,2.0,0.0,133.33,0.0,0.0,0.0,0.0,0.0
P Dogra,12,12,127,141,4,5,63,58,10,1,90.07,10.58,6.38,44.68,0,0,41,0.0,0.0,0.0,0.0,0.0,54.0,77.0,1.0,2.0,70.13,73.0,64.0,3.0,3.0,114.06
P Dubey,2,2,23,33,2,0,17,13,1,0,69.7,11.5,6.06,51.52,0,0,16,0.0,0.0,0.0,0.0,0.0,13.0,16.0,2.0,0.0,81.25,10.0,17.0,0.0,0.0,58.82
P Kumar,57,57,340,323,22,17,158,102,24,0,105.26,5.96,12.07,48.92,0,0,34,6.0,8.0,1.0,0.0,75.0,40.0,47.0,3.0,3.0,85.11,294.0,268.0,18.0,14.0,109.7
P Negi,35,35,365,301,27,16,124,108,25,1,121.26,10.43,14.29,41.2,0,0,36,4.0,6.0,1.0,0.0,66.67,104.0,104.0,7.0,5.0,100.0,257.0,191.0,19.0,11.0,134.55
P Parameswaran,2,2,1,3,0,0,2,1,0,0,33.33,0.5,0.0,66.67,0,0,1,0.0,0.0,0.0,0.0,0.0,0.0,0.0,0.0,0.0,0.0,1.0,3.0,0.0,0.0,33.33
P Ray Barman,1,1,19,25,2,0,12,11,0,0,76.0,19.0,8.0,48.0,0,0,19,0.0,0.0,0.0,0.0,0.0,19.0,24.0,2.0,0.0,79.17,0.0,1.0,0.0,0.0,0.0
P Sahu,2,2,19,13,1,1,4,5,2,0,146.15,9.5,15.38,30.77,0,0,18,0.0,0.0,0.0,0.0,0.0,0.0,0.0,0.0,0.0,0.0,19.0,13.0,1.0,1.0,146.15
P Simran Singh,52,52,1355,904,141,71,373,275,42,2,149.89,26.06,23.45,41.26,8,1,103,872.0,595.0,106.0,40.0,146.55,405.0,265.0,28.0,26.0,152.83,78.0,44.0,7.0,5.0,177.27
PA Patel,136,136,2848,2442,365,49,1081,811,127,8,116.63,20.94,16.95,44.27,13,0,81,1904.0,1630.0,283.0,31.0,116.81,849.0,740.0,73.0,16.0,114.73,95.0,72.0,9.0,2.0,131.94
PA Reddy,10,10,164,167,15,2,72,65,12,1,98.2,16.4,10.18,43.11,0,0,42,103.0,110.0,10.0,1.0,93.64,46.0,52.0,3.0,0.0,88.46,15.0,5.0,2.0,1.0,300.0
PBB Rajapaksa,13,13,277,201,22,15,80,69,15,0,137.81,21.31,18.41,39.8,1,0,50,77.0,52.0,8.0,5.0,148.08,194.0,141.0,14.0,10.0,137.59,6.0,8.0,0.0,0.0,75.0
PC Valthaty,23,23,505,432,61,20,230,101,20,0,116.9,21.96,18.75,53.24,2,1,120,312.0,290.0,45.0,10.0,107.59,147.0,120.0,9.0,9.0,122.5,46.0,22.0,7.0,1.0,209.09
PD Collingwood,7,7,203,159,9,13,60,66,10,1,127.67,29.0,13.84,37.74,3,0,75,26.0,19.0,3.0,1.0,136.84,96.0,95.0,4.0,4.0,101.05,81.0,45.0,2.0,8.0,180.0
PD Salt,34,34,1056,623,122,56,242,174,29,0,169.5,31.06,28.57,38.84,10,0,89,722.0,431.0,91.0,37.0,167.52,299.0,173.0,27.0,17.0,172.83,35.0,19.0,4.0,2.0,184.21
PHKD Mendis,5,5,92,72,7,2,25,24,14,0,127.78,18.4,12.5,34.72,0,0,32,5.0,9.0,0.0,0.0,55.56,61.0,37.0,6.0,2.0,164.86,26.0,26.0,1.0,0.0,100.0
PJ Cummins,48,48,612,417,39,41,169,127,40,1,146.76,12.75,19.18,40.53,3,0,66,0.0,1.0,0.0,0.0,0.0,161.0,132.0,15.0,8.0,121.97,451.0,284.0,24.0,33.0,158.8
PJ Sangwan,14,14,26,47,1,0,27,16,3,0,55.32,1.86,2.13,57.45,0,0,6,0.0,0.0,0.0,0.0,0.0,4.0,10.0,0.0,0.0,40.0,22.0,37.0,1.0,0.0,59.46
PK Garg,19,19,273,247,16,9,94,103,23,2,110.53,14.37,10.12,38.06,1,0,51,51.0,52.0,2.0,3.0,98.08,157.0,154.0,7.0,4.0,101.95,65.0,41.0,7.0,2.0,158.54
PM Sarvesh Kumar,1,1,1,2,0,0,1,1,0,0,50.0,1.0,0.0,50.0,0,0,1,0.0,0.0,0.0,0.0,0.0,0.0,0.0,0.0,0.0,0.0,1.0,2.0,0.0,0.0,50.0
PN Mankad,5,5,97,75,13,2,32,23,5,0,129.33,19.4,20.0,42.67,1,0,64,45.0,38.0,8.0,0.0,118.42,34.0,26.0,3.0,1.0,130.77,18.0,11.0,2.0,1.0,163.64
PP Chawla,86,86,624,580,56,20,263,203,37,1,107.59,7.26,13.1,45.34,0,0,24,15.0,13.0,3.0,0.0,115.38,156.0,180.0,10.0,5.0,86.67,453.0,387.0,43.0,15.0,117.05
PP Ojha,19,19,16,45,0,0,30,14,1,0,35.56,0.84,0.0,66.67,0,0,3,0.0,0.0,0.0,0.0,0.0,0.0,2.0,0.0,0.0,0.0,16.0,43.0,0.0,0.0,37.21
PP Shaw,79,79,1892,1321,238,61,522,429,68,3,143.22,23.95,22.63,39.52,14,0,99,1347.0,946.0,193.0,37.0,142.39,515.0,353.0,40.0,24.0,145.89,30.0,22.0,5.0,0.0,136.36
PR Shah,9,9,92,97,9,2,50,28,8,0,94.85,10.22,11.34,51.55,0,0,29,30.0,34.0,1.0,2.0,88.24,35.0,39.0,5.0,0.0,89.74,27.0,24.0,3.0,0.0,112.5
PSP Handscomb,1,1,6,12,0,0,6,6,0,0,50.0,6.0,0.0,50.0,0,0,6,0.0,0.0,0.0,0.0,0.0,6.0,12.0,0.0,0.0,50.0,0.0,0.0,0.0,0.0,0.0
PV Tambe,6,6,18,39,1,0,24,14,0,0,46.15,3.0,2.56,61.54,0,0,7,0.0,0.0,0.0,0.0,0.0,6.0,9.0,1.0,0.0,66.67,12.0,30.0,0.0,0.0,40.0
PVD Chameera,10,10,53,46,3,3,20,17,3,0,115.22,5.3,13.04,43.48,0,0,17,0.0,0.0,0.0,0.0,0.0,1.0,1.0,0.0,0.0,100.0,52.0,45.0,3.0,3.0,115.56
PVSN Raju,1,1,1,1,0,0,0,1,0,0,100.0,1.0,0.0,0.0,0,0,1,0.0,0.0,0.0,0.0,0.0,0.0,0.0,0.0,0.0,0.0,1.0,1.0,0.0,0.0,100.0
PWA Mulder,1,1,9,12,1,0,6,5,0,0,75.0,9.0,8.33,50.0,0,0,9,0.0,0.0,0.0,0.0,0.0,0.0,2.0,0.0,0.0,0.0,9.0,10.0,1.0,0.0,90.0
PWH de Silva,19,19,81,95,7,1,48,31,8,0,85.26,4.26,8.42,50.53,0,0,18,0.0,0.0,0.0,0.0,0.0,25.0,38.0,2.0,0.0,65.79,56.0,57.0,5.0,1.0,98.25
Pankaj Singh,5,5,7,12,0,0,6,5,1,0,58.33,1.4,0.0,50.0,0,0,4,0.0,0.0,0.0,0.0,0.0,0.0,0.0,0.0,0.0,0.0,7.0,12.0,0.0,0.0,58.33
Parvez Rasool,4,4,17,20,1,0,7,11,1,0,85.0,4.25,5.0,35.0,0,0,10,0.0,0.0,0.0,0.0,0.0,0.0,0.0,0.0,0.0,0.0,17.0,20.0,1.0,0.0,85.0
Prince Yadav,2,2,5,11,0,0,6,5,0,0,45.45,2.5,0.0,54.55,0,0,4,0.0,0.0,0.0,0.0,0.0,0.0,0.0,0.0,0.0,0.0,5.0,11.0,0.0,0.0,45.45
Priyansh Arya,18,18,545,310,60,31,118,83,18,0,175.81,30.28,29.35,38.06,3,1,103,384.0,227.0,50.0,17.0,169.16,161.0,83.0,10.0,14.0,193.98,0.0,0.0,0.0,0.0,0.0
Q de Kock,115,115,3312,2533,325,134,1020,912,134,6,130.75,28.8,18.12,40.27,24,2,140,1931.0,1518.0,211.0,82.0,127.21,1171.0,905.0,91.0,42.0,129.39,210.0,110.0,23.0,10.0,190.91
R Ashwin,93,93,833,728,64,29,280,307,48,0,114.42,8.96,12.77,38.46,1,0,50,78.0,73.0,11.0,3.0,106.85,279.0,282.0,16.0,8.0,98.94,476.0,373.0,37.0,18.0,127.61
R Bhatia,47,47,342,290,24,13,110,119,23,1,117.93,7.28,12.76,37.93,0,0,26,0.0,0.0,0.0,0.0,0.0,91.0,113.0,4.0,2.0,80.53,251.0,177.0,20.0,11.0,141.81
R Bishnoi,3,3,19,17,1,2,11,3,0,0,111.76,6.33,17.65,64.71,0,0,18,18.0,14.0,1.0,2.0,128.57,0.0,1.0,0.0,0.0,0.0,1.0,2.0,0.0,0.0,50.0
R Dhawan,22,22,210,188,18,7,85,61,16,1,111.7,9.55,13.3,45.21,0,0,25,0.0,0.0,0.0,0.0,0.0,42.0,55.0,6.0,0.0,76.36,168.0,133.0,12.0,7.0,126.32
R Dravid,82,82,2174,1918,269,28,819,681,118,1,113.35,26.51,15.48,42.7,11,0,75,905.0,855.0,148.0,7.0,105.85,1069.0,943.0,100.0,12.0,113.36,200.0,120.0,21.0,9.0,166.67
R McLaren,13,13,159,178,14,1,76,78,8,1,89.33,12.23,8.43,42.7,1,0,51,12.0,19.0,1.0,0.0,63.16,78.0,98.0,6.0,0.0,79.59,69.0,61.0,7.0,1.0,113.11
R Minz,2,2,6,16,0,0,11,4,1,0,37.5,3.0,0.0,68.75,0,0,3,0.0,0.0,0.0,0.0,0.0,6.0,16.0,0.0,0.0,37.5,0.0,0.0,0.0,0.0,0.0
R Ninan,1,1,3,6,0,0,3,3,0,0,50.0,3.0,0.0,50.0,0,0,3,0.0,0.0,0.0,0.0,0.0,0.0,0.0,0.0,0.0,0.0,3.0,6.0,0.0,0.0,50.0
R Parag,72,72,1570,1156,112,87,428,459,69,1,135.81,21.81,17.21,37.02,7,0,95,138.0,102.0,15.0,9.0,135.29,875.0,690.0,59.0,41.0,126.81,557.0,364.0,38.0,37.0,153.02
R Powell,23,23,365,261,22,28,116,81,14,0,139.85,15.87,19.16,44.44,1,0,67,0.0,0.0,0.0,0.0,0.0,131.0,132.0,6.0,8.0,99.24,234.0,129.0,16.0,20.0,181.4
R Rampaul,7,7,51,52,3,2,26,15,6,0,98.08,7.29,9.62,50.0,0,0,23,0.0,0.0,0.0,0.0,0.0,15.0,16.0,0.0,1.0,93.75,36.0,36.0,3.0,1.0,100.0
R Ravindra,18,18,413,298,40,16,107,114,20,1,138.59,22.94,18.79,35.91,2,0,65,275.0,210.0,35.0,7.0,130.95,114.0,79.0,5.0,6.0,144.3,24.0,9.0,0.0,3.0,266.67
R Sai Kishore,4,4,18,16,0,2,8,6,0,0,112.5,4.5,12.5,50.0,0,0,13,0.0,0.0,0.0,0.0,0.0,0.0,0.0,0.0,0.0,0.0,18.0,16.0,0.0,2.0,112.5
R Sanjay Yadav,1,1,0,2,0,0,2,0,0,0,0.0,0.0,0.0,100.0,0,0,0,0.0,0.0,0.0,0.0,0.0,0.0,0.0,0.0,0.0,0.0,0.0,2.0,0.0,0.0,0.0
R Sathish,24,24,270,236,22,6,92,89,24,3,114.41,11.25,11.86,38.98,0,0,27,0.0,7.0,0.0,0.0,0.0,106.0,107.0,7.0,2.0,99.07,164.0,122.0,15.0,4.0,134.43
R Sharma,19,19,66,77,5,3,48,14,7,0,85.71,3.47,10.39,62.34,0,0,14,0.0,0.0,0.0,0.0,0.0,1.0,2.0,0.0,0.0,50.0,65.0,75.0,5.0,3.0,86.67
R Shepherd,12,12,185,93,12,17,35,23,6,0,198.92,15.42,31.18,37.63,1,0,53,0.0,0.0,0.0,0.0,0.0,24.0,19.0,0.0,2.0,126.32,161.0,74.0,12.0,15.0,217.57
R Shukla,4,4,19,23,2,0,10,11,0,0,82.61,4.75,8.7,43.48,0,0,14,0.0,0.0,0.0,0.0,0.0,1.0,1.0,0.0,0.0,100.0,18.0,22.0,2.0,0.0,81.82
R Tewatia,76,76,1112,851,90,54,332,322,53,0,130.67,14.63,16.92,39.01,1,0,53,6.0,7.0,1.0,0.0,85.71,312.0,337.0,23.0,6.0,92.58,794.0,507.0,66.0,48.0,156.61
R Vinay Kumar,42,42,310,289,21,9,118,110,31,0,107.27,7.38,10.38,40.83,0,0,26,0.0,0.0,0.0,0.0,0.0,48.0,50.0,4.0,0.0,96.0,262.0,239.0,17.0,9.0,109.62
RA Bawa,3,3,19,18,1,0,7,6,3,1,105.56,6.33,5.56,38.89,0,0,11,0.0,1.0,0.0,0.0,0.0,11.0,13.0,1.0,0.0,84.62,8.0,4.0,0.0,0.0,200.0
RA Jadeja,194,194,3260,2607,240,117,895,1118,231,6,125.05,16.8,13.69,34.33,5,0,77,104.0,88.0,16.0,2.0,118.18,1338.0,1252.0,93.0,33.0,106.87,1818.0,1267.0,131.0,82.0,143.49
RA Tripathi,98,98,2291,1707,229,85,649,628,111,5,134.21,23.38,18.39,38.02,12,0,93,1013.0,749.0,128.0,37.0,135.25,1059.0,803.0,85.0,36.0,131.88,219.0,155.0,16.0,12.0,141.29
RD Chahar,22,22,129,127,13,5,70,31,8,0,101.57,5.86,14.17,55.12,0,0,25,0.0,0.0,0.0,0.0,0.0,4.0,16.0,0.0,0.0,25.0,125.0,111.0,13.0,5.0,112.61
RD Gaikwad,70,70,2502,1863,231,95,669,735,126,7,134.3,35.74,17.5,35.91,20,2,108,1196.0,963.0,140.0,37.0,124.2,1043.0,744.0,69.0,44.0,140.19,263.0,156.0,22.0,14.0,168.59
RD Rickelton,14,14,388,266,47,17,116,74,12,0,145.86,27.71,24.06,43.61,3,0,62,297.0,199.0,39.0,12.0,149.25,91.0,67.0,8.0,5.0,135.82,0.0,0.0,0.0,0.0,0.0
RE Levi,6,6,83,74,10,4,41,19,0,0,112.16,13.83,18.92,55.41,1,0,50,62.0,58.0,9.0,2.0,106.9,21.0,16.0,1.0,2.0,131.25,0.0,0.0,0.0,0.0,0.0
RE van der Merwe,15,15,159,144,11,8,66,53,4,2,110.42,10.6,13.19,45.83,0,0,35,36.0,37.0,3.0,2.0,97.3,70.0,60.0,5.0,3.0,116.67,53.0,47.0,3.0,3.0,112.77
RG More,1,1,2,2,0,0,0,2,0,0,100.0,2.0,0.0,0.0,0,0,2,0.0,0.0,0.0,0.0,0.0,0.0,0.0,0.0,0.0,0.0,2.0,2.0,0.0,0.0,100.0
RG Sharma,266,266,7048,5475,640,303,2154,2096,274,7,128.73,26.5,17.22,39.34,47,2,109,2386.0,1974.0,265.0,109.0,120.87,3135.0,2625.0,248.0,101.0,119.43,1527.0,876.0,127.0,93.0,174.32
RJ Gleeson,1,1,2,2,0,0,1,0,1,0,100.0,2.0,0.0,50.0,0,0,2,0.0,0.0,0.0,0.0,0.0,0.0,0.0,0.0,0.0,0.0,2.0,2.0,0.0,0.0,100.0
RJ Harris,21,21,117,112,6,3,46,40,16,1,104.46,5.57,8.04,41.07,0,0,17,0.0,0.0,0.0,0.0,0.0,20.0,25.0,1.0,0.0,80.0,97.0,87.0,5.0,3.0,111.49
RJ Peterson,5,5,32,32,3,1,15,12,1,0,100.0,6.4,12.5,46.88,0,0,16,0.0,0.0,0.0,0.0,0.0,13.0,14.0,1.0,0.0,92.86,19.0,18.0,2.0,1.0,105.56
RJ Quiney,7,7,103,105,12,3,57,30,2,1,98.1,14.71,14.29,54.29,1,0,51,65.0,74.0,9.0,1.0,87.84,37.0,28.0,3.0,2.0,132.14,1.0,3.0,0.0,0.0,33.33
RJW Topley,1,1,3,6,0,0,3,3,0,0,50.0,3.0,0.0,50.0,0,0,3,0.0,0.0,0.0,0.0,0.0,0.0,0.0,0.0,0.0,0.0,3.0,6.0,0.0,0.0,50.0
RK Bhui,4,4,10,27,0,0,19,6,2,0,37.04,2.5,0.0,70.37,0,0,7,0.0,7.0,0.0,0.0,0.0,10.0,19.0,0.0,0.0,52.63,0.0,1.0,0.0,0.0,0.0
RK Singh,51,51,1099,793,87,56,289,308,52,1,138.59,21.55,18.03,36.44,4,0,67,36.0,28.0,4.0,2.0,128.57,455.0,420.0,30.0,14.0,108.33,608.0,345.0,53.0,40.0,176.23
RM Patidar,38,38,1111,759,76,68,263,306,45,1,146.38,29.24,18.97,34.65,9,1,112,206.0,176.0,29.0,4.0,117.05,780.0,509.0,39.0,53.0,153.24,125.0,74.0,8.0,11.0,168.92
RN ten Doeschate,21,21,326,238,26,15,80,102,15,0,136.97,15.52,17.23,33.61,1,0,70,6.0,7.0,1.0,0.0,85.71,108.0,89.0,8.0,4.0,121.35,212.0,142.0,17.0,11.0,149.3
RP Meredith,2,2,0,3,0,0,3,0,0,0,0.0,0.0,0.0,100.0,0,0,0,0.0,0.0,0.0,0.0,0.0,0.0,0.0,0.0,0.0,0.0,0.0,3.0,0.0,0.0,0.0
RP Singh,28,28,52,78,2,1,41,31,2,1,66.67,1.86,3.85,52.56,0,0,10,0.0,0.0,0.0,0.0,0.0,2.0,6.0,0.0,0.0,33.33,50.0,72.0,2.0,1.0,69.44
RR Bhatkal,1,1,0,2,0,0,2,0,0,0,0.0,0.0,0.0,100.0,0,0,0,0.0,0.0,0.0,0.0,0.0,0.0,0.0,0.0,0.0,0.0,0.0,2.0,0.0,0.0,0.0
RR Pant,123,123,3566,2504,321,170,909,951,150,2,142.41,28.99,19.61,36.3,19,2,128,441.0,380.0,58.0,12.0,116.05,2125.0,1602.0,182.0,84.0,132.65,1000.0,522.0,81.0,74.0,191.57
RR Powar,9,9,67,64,6,1,27,23,7,0,104.69,7.44,10.94,42.19,0,0,28,0.0,0.0,0.0,0.0,0.0,0.0,4.0,0.0,0.0,0.0,67.0,60.0,6.0,1.0,111.67
RR Raje,5,5,20,18,1,1,6,10,0,0,111.11,4.0,11.11,33.33,0,0,11,0.0,0.0,0.0,0.0,0.0,0.0,0.0,0.0,0.0,0.0,20.0,18.0,1.0,1.0,111.11
RR Rossouw,22,22,473,321,45,25,129,101,21,0,147.35,21.5,21.81,40.19,2,0,82,139.0,101.0,24.0,3.0,137.62,252.0,178.0,16.0,16.0,141.57,82.0,42.0,5.0,6.0,195.24
RR Sarwan,4,4,73,78,6,1,34,31,6,0,93.59,18.25,8.97,43.59,0,0,31,45.0,43.0,6.0,1.0,104.65,28.0,35.0,0.0,0.0,80.0,0.0,0.0,0.0,0.0,0.0
RS Bopara,22,22,531,468,39,16,175,204,27,7,113.46,24.14,11.75,37.39,3,0,84,130.0,153.0,11.0,3.0,84.97,222.0,209.0,17.0,3.0,106.22,179.0,106.0,11.0,10.0,168.87
RS Gavaskar,1,1,2,8,0,0,6,2,0,0,25.0,2.0,0.0,75.0,0,0,2,0.0,0.0,0.0,0.0,0.0,2.0,8.0,0.0,0.0,25.0,0.0,0.0,0.0,0.0,0.0
RS Sodhi,1,1,4,2,1,0,1,0,0,0,200.0,4.0,50.0,50.0,0,0,4,0.0,0.0,0.0,0.0,0.0,0.0,0.0,0.0,0.0,0.0,4.0,2.0,1.0,0.0,200.0
RT Ponting,9,9,91,129,5,2,69,47,6,0,70.54,10.11,5.43,53.49,0,0,28,45.0,75.0,2.0,1.0,60.0,46.0,54.0,3.0,1.0,85.19,0.0,0.0,0.0,0.0,0.0
RV Gomez,9,9,50,53,5,1,27,16,4,0,94.34,5.56,11.32,50.94,0,0,26,0.0,1.0,0.0,0.0,0.0,0.0,7.0,0.0,0.0,0.0,50.0,45.0,5.0,1.0,111.11
RV Patel,7,7,80,76,6,2,29,35,3,1,105.26,11.43,10.53,38.16,0,0,23,0.0,0.0,0.0,0.0,0.0,28.0,32.0,2.0,1.0,87.5,52.0,44.0,4.0,1.0,118.18
RV Uthappa,197,197,4954,3927,481,182,1598,1418,230,15,126.15,25.15,16.88,40.69,27,0,88,2037.0,1697.0,261.0,50.0,120.04,2350.0,1887.0,180.0,97.0,124.54,567.0,343.0,40.0,35.0,165.31
Rahmanullah Gurbaz,18,18,363,283,34,22,146,68,12,1,128.27,20.17,19.79,51.59,2,0,81,252.0,207.0,26.0,15.0,121.74,111.0,75.0,8.0,7.0,148.0,0.0,1.0,0.0,0.0,0.0
Ramandeep Singh,20,20,217,142,9,17,50,54,11,1,152.82,10.85,18.31,35.21,0,0,35,2.0,4.0,0.0,0.0,50.0,94.0,74.0,3.0,7.0,127.03,121.0,64.0,6.0,10.0,189.06
Rashid Khan,66,66,585,387,41,41,166,104,34,1,151.16,8.86,21.19,42.89,1,0,79,0.0,0.0,0.0,0.0,0.0,82.0,65.0,4.0,5.0,126.15,503.0,322.0,37.0,36.0,156.21
Rasikh Salam,6,6,40,40,5,0,19,13,2,1,100.0,6.67,12.5,47.5,0,0,10,0.0,0.0,0.0,0.0,0.0,11.0,15.0,1.0,0.0,73.33,29.0,25.0,4.0,0.0,116.0
Ravi Bishnoi,16,16,45,68,2,2,43,18,2,1,66.18,2.81,5.88,63.24,0,0,13,0.0,0.0,0.0,0.0,0.0,9.0,18.0,0.0,0.0,50.0,36.0,50.0,2.0,2.0,72.0
S Anirudha,12,12,136,121,9,7,54,44,7,0,112.4,11.33,13.22,44.63,1,0,64,26.0,30.0,5.0,0.0,86.67,34.0,35.0,1.0,2.0,97.14,76.0,56.0,3.0,5.0,135.71
S Aravind,10,10,59,59,7,0,26,21,5,0,100.0,5.9,11.86,44.07,0,0,14,0.0,0.0,0.0,0.0,0.0,10.0,12.0,1.0,0.0,83.33,49.0,47.0,6.0,0.0,104.26
S Badree,5,5,13,25,0,0,14,9,2,0,52.0,2.6,0.0,56.0,0,0,8,0.0,0.0,0.0,0.0,0.0,5.0,9.0,0.0,0.0,55.56,8.0,16.0,0.0,0.0,50.0
S Badrinath,65,65,1441,1245,154,28,493,484,85,1,115.74,22.17,14.62,39.6,11,0,71,182.0,246.0,27.0,1.0,73.98,837.0,716.0,85.0,15.0,116.9,422.0,283.0,42.0,12.0,149.12
S Chanderpaul,3,3,25,33,4,0,20,9,0,0,75.76,8.33,12.12,60.61,0,0,16,25.0,33.0,4.0,0.0,75.76,0.0,0.0,0.0,0.0,0.0,0.0,0.0,0.0,0.0,0.0
S Dhawan,221,221,6769,5483,768,153,2136,2102,299,23,123.45,30.63,16.8,38.96,51,2,106,3415.0,2862.0,455.0,76.0,119.32,2686.0,2192.0,244.0,55.0,122.54,668.0,429.0,69.0,22.0,155.71
S Dube,75,75,1859,1366,108,122,518,542,75,1,136.09,24.79,16.84,37.92,10,0,95,36.0,47.0,3.0,1.0,76.6,1190.0,915.0,70.0,72.0,130.05,633.0,404.0,35.0,49.0,156.68
S Gopal,22,22,180,173,19,2,71,70,11,0,104.05,8.18,12.14,41.04,0,0,24,0.0,4.0,0.0,0.0,0.0,45.0,61.0,4.0,0.0,73.77,135.0,108.0,15.0,2.0,125.0
S Kaul,9,9,20,36,1,0,23,8,4,0,55.56,2.22,2.78,63.89,0,0,7,0.0,0.0,0.0,0.0,0.0,0.0,0.0,0.0,0.0,0.0,20.0,36.0,1.0,0.0,55.56
S Kaushik,1,1,0,1,0,0,1,0,0,0,0.0,0.0,0.0,100.0,0,0,0,0.0,0.0,0.0,0.0,0.0,0.0,0.0,0.0,0.0,0.0,0.0,1.0,0.0,0.0,0.0
S Ladda,2,2,0,10,0,0,10,0,0,0,0.0,0.0,0.0,100.0,0,0,0,0.0,0.0,0.0,0.0,0.0,0.0,7.0,0.0,0.0,0.0,0.0,3.0,0.0,0.0,0.0
S Lamichhane,1,1,0,1,0,0,1,0,0,0,0.0,0.0,0.0,100.0,0,0,0,0.0,0.0,0.0,0.0,0.0,0.0,0.0,0.0,0.0,0.0,0.0,1.0,0.0,0.0,0.0
S Nadeem,20,20,39,88,2,0,58,25,3,0,44.32,1.95,2.27,65.91,0,0,6,0.0,0.0,0.0,0.0,0.0,9.0,22.0,0.0,0.0,40.91,30.0,66.0,2.0,0.0,45.45
S Narwal,4,4,37,29,6,0,12,9,2,0,127.59,9.25,20.69,41.38,0,0,23,0.0,0.0,0.0,0.0,0.0,12.0,10.0,2.0,0.0,120.0,25.0,19.0,4.0,0.0,131.58
S Rana,8,8,91,82,9,1,33,29,10,0,110.98,11.38,12.2,40.24,0,0,19,20.0,23.0,2.0,1.0,86.96,3.0,9.0,0.0,0.0,33.33,68.0,50.0,7.0,0.0,136.0
S Randiv,1,1,2,4,0,0,3,0,1,0,50.0,2.0,0.0,75.0,0,0,2,0.0,0.0,0.0,0.0,0.0,0.0,0.0,0.0,0.0,0.0,2.0,4.0,0.0,0.0,50.0
S Sohal,20,20,368,311,34,18,158,82,17,1,118.33,18.4,16.72,50.8,2,0,62,279.0,238.0,26.0,15.0,117.23,85.0,64.0,8.0,3.0,132.81,4.0,9.0,0.0,0.0,44.44
S Sreesanth,12,12,34,57,6,0,43,6,2,0,59.65,2.83,10.53,75.44,0,0,15,0.0,0.0,0.0,0.0,0.0,0.0,0.0,0.0,0.0,0.0,34.0,57.0,6.0,0.0,59.65
S Sriram,2,2,31,38,3,0,18,15,2,0,81.58,15.5,7.89,47.37,0,0,27,13.0,12.0,2.0,0.0,108.33,18.0,26.0,1.0,0.0,69.23,0.0,0.0,0.0,0.0,0.0
S Tyagi,1,1,3,4,0,0,1,3,0,0,75.0,3.0,0.0,25.0,0,0,3,0.0,0.0,0.0,0.0,0.0,0.0,0.0,0.0,0.0,0.0,3.0,4.0,0.0,0.0,75.0
S Vidyut,8,8,145,115,21,3,55,30,5,1,126.09,18.12,20.87,47.83,1,0,54,103.0,81.0,16.0,2.0,127.16,42.0,31.0,5.0,1.0,135.48,0.0,3.0,0.0,0.0,0.0
SA Abbott,3,3,22,18,1,2,10,4,1,0,122.22,7.33,16.67,55.56,0,0,14,0.0,0.0,0.0,0.0,0.0,0.0,3.0,0.0,0.0,0.0,22.0,15.0,1.0,2.0,146.67
SA Asnodkar,19,19,423,352,56,10,164,105,17,0,120.17,22.26,18.75,46.59,2,0,60,278.0,216.0,38.0,9.0,128.7,145.0,136.0,18.0,1.0,106.62,0.0,0.0,0.0,0.0,0.0
SA Yadav,151,151,4311,2961,454,168,1044,1110,178,7,145.59,28.55,21.01,35.26,29,2,103,936.0,689.0,128.0,31.0,135.85,2554.0,1809.0,243.0,91.0,141.18,821.0,463.0,83.0,46.0,177.32
SB Bangar,7,7,49,58,1,3,28,25,1,0,84.48,7.0,6.9,48.28,0,0,17,0.0,0.0,0.0,0.0,0.0,17.0,35.0,0.0,0.0,48.57,32.0,23.0,1.0,3.0,139.13
SB Dubey,11,11,139,87,9,10,29,35,4,0,159.77,12.64,21.84,33.33,0,0,34,14.0,6.0,2.0,1.0,233.33,34.0,33.0,3.0,1.0,103.03,91.0,48.0,4.0,8.0,189.58
SB Jakati,5,5,28,30,3,0,12,14,1,0,93.33,5.6,10.0,40.0,0,0,13,0.0,0.0,0.0,0.0,0.0,0.0,0.0,0.0,0.0,0.0,28.0,30.0,3.0,0.0,93.33
SB Joshi,2,2,6,16,0,0,10,6,0,0,37.5,3.0,0.0,62.5,0,0,3,0.0,0.0,0.0,0.0,0.0,6.0,14.0,0.0,0.0,42.86,0.0,2.0,0.0,0.0,0.0
SB Styris,10,10,131,134,10,3,53,63,5,0,97.76,13.1,9.7,39.55,0,0,36,8.0,13.0,0.0,0.0,61.54,83.0,93.0,7.0,1.0,89.25,40.0,28.0,3.0,2.0,142.86
SB Wagh,2,2,2,3,0,0,2,0,1,0,66.67,1.0,0.0,66.67,0,0,2,0.0,0.0,0.0,0.0,0.0,0.0,0.0,0.0,0.0,0.0,2.0,3.0,0.0,0.0,66.67
SC Ganguly,56,56,1349,1326,137,42,662,427,54,3,101.73,24.09,13.5,49.92,7,0,91,529.0,540.0,76.0,9.0,97.96,630.0,677.0,52.0,17.0,93.06,190.0,109.0,9.0,16.0,174.31
SD Chitnis,8,8,99,92,10,2,38,37,5,0,107.61,12.38,13.04,41.3,0,0,38,1.0,6.0,0.0,0.0,16.67,55.0,48.0,7.0,1.0,114.58,43.0,38.0,3.0,1.0,113.16
SD Hope,9,9,183,125,12,12,48,43,10,0,146.4,20.33,19.2,38.4,0,0,41,78.0,61.0,9.0,4.0,127.87,94.0,54.0,2.0,8.0,174.07,11.0,10.0,1.0,0.0,110.0
SD Lad,1,1,15,13,1,1,8,2,0,1,115.38,15.0,15.38,61.54,0,0,15,15.0,13.0,1.0,1.0,115.38,0.0,0.0,0.0,0.0,0.0,0.0,0.0,0.0,0.0,0.0
SE Bond,1,1,1,2,0,0,1,1,0,0,50.0,1.0,0.0,50.0,0,0,1,0.0,0.0,0.0,0.0,0.0,1.0,2.0,0.0,0.0,50.0,0.0,0.0,0.0,0.0,0.0
SE Marsh,69,69,2489,1913,269,78,736,724,99,6,130.11,36.07,18.14,38.47,20,1,115,779.0,753.0,118.0,8.0,103.45,1448.0,987.0,134.0,56.0,146.71,262.0,173.0,17.0,14.0,151.45
SE Rutherford,20,20,397,310,25,26,131,115,13,0,128.06,19.85,16.45,42.26,0,0,46,4.0,16.0,0.0,0.0,25.0,196.0,153.0,13.0,12.0,128.1,197.0,141.0,12.0,14.0,139.72
SH Johnson,5,5,8,11,1,0,6,4,0,0,72.73,1.6,9.09,54.55,0,0,5,0.0,0.0,0.0,0.0,0.0,1.0,2.0,0.0,0.0,50.0,7.0,9.0,1.0,0.0,77.78
SJ Srivastava,4,4,5,5,0,0,1,3,1,0,100.0,1.25,0.0,20.0,0,0,3,0.0,0.0,0.0,0.0,0.0,0.0,0.0,0.0,0.0,0.0,5.0,5.0,0.0,0.0,100.0
SK Raina,200,200,5536,4177,506,204,1476,1708,271,11,132.54,27.68,17.0,35.34,39,1,100,1560.0,1210.0,198.0,55.0,128.93,3077.0,2423.0,240.0,106.0,126.99,899.0,544.0,68.0,43.0,165.26
SK Rasheed,5,5,71,67,9,2,38,13,5,0,105.97,14.2,16.42,56.72,0,0,27,69.0,64.0,9.0,2.0,107.81,2.0,3.0,0.0,0.0,66.67,0.0,0.0,0.0,0.0,0.0
SK Trivedi,14,14,42,61,3,1,37,16,4,0,68.85,3.0,6.56,60.66,0,0,9,0.0,0.0,0.0,0.0,0.0,0.0,1.0,0.0,0.0,0.0,42.0,60.0,3.0,1.0,70.0
SK Warne,27,27,198,219,14,6,105,82,12,0,90.41,7.33,9.13,47.95,0,0,34,0.0,0.0,0.0,0.0,0.0,61.0,85.0,4.0,2.0,71.76,137.0,134.0,10.0,4.0,102.24
SL Malinga,20,20,88,103,6,5,59,32,1,0,85.44,4.4,10.68,57.28,0,0,17,0.0,0.0,0.0,0.0,0.0,2.0,4.0,0.0,0.0,50.0,86.0,99.0,6.0,5.0,86.87
SM Curran,53,53,997,761,85,41,283,293,59,0,131.01,18.81,16.56,37.19,6,0,88,147.0,134.0,16.0,5.0,109.7,394.0,360.0,28.0,10.0,109.44,456.0,267.0,41.0,26.0,170.79
SM Harwood,2,2,9,14,0,0,7,5,2,0,64.29,4.5,0.0,50.0,0,0,6,0.0,0.0,0.0,0.0,0.0,0.0,0.0,0.0,0.0,0.0,9.0,14.0,0.0,0.0,64.29
SM Katich,11,11,241,191,26,8,85,56,15,1,126.18,21.91,17.8,44.5,2,0,75,145.0,110.0,19.0,5.0,131.82,76.0,65.0,7.0,2.0,116.92,20.0,16.0,0.0,1.0,125.0
SM Pollock,8,8,147,116,12,8,47,47,2,0,126.72,18.38,17.24,40.52,0,0,33,1.0,6.0,0.0,0.0,16.67,66.0,66.0,4.0,3.0,100.0,80.0,44.0,8.0,5.0,181.82
SMSM Senanayake,4,4,10,17,0,0,8,8,1,0,58.82,2.5,0.0,47.06,0,0,7,0.0,0.0,0.0,0.0,0.0,0.0,0.0,0.0,0.0,0.0,10.0,17.0,0.0,0.0,58.82
SN Khan,36,36,585,456,63,14,161,187,31,0,128.29,16.25,16.89,35.31,1,0,67,89.0,69.0,10.0,4.0,128.99,216.0,210.0,20.0,3.0,102.86,280.0,177.0,33.0,7.0,158.19
SN Thakur,40,40,325,243,30,13,92,90,17,1,133.74,8.12,17.7,37.86,1,0,68,0.0,4.0,0.0,0.0,0.0,105.0,78.0,9.0,4.0,134.62,220.0,161.0,21.0,9.0,136.65
SO Hetmyer,78,78,1488,1036,94,93,380,385,83,1,143.63,19.08,18.05,36.68,5,0,75,66.0,63.0,7.0,3.0,104.76,489.0,395.0,28.0,26.0,123.8,933.0,578.0,59.0,64.0,161.42
SP Fleming,10,10,196,171,27,3,86,42,11,2,114.62,19.6,17.54,50.29,0,0,45,120.0,113.0,17.0,2.0,106.19,76.0,58.0,10.0,1.0,131.03,0.0,0.0,0.0,0.0,0.0
SP Goswami,21,21,293,307,32,3,144,110,17,1,95.44,13.95,11.4,46.91,1,0,52,163.0,176.0,21.0,1.0,92.61,104.0,108.0,10.0,1.0,96.3,26.0,23.0,1.0,1.0,113.04
SP Jackson,8,8,61,57,5,1,20,27,4,0,107.02,7.62,10.53,35.09,0,0,16,10.0,9.0,2.0,0.0,111.11,17.0,18.0,1.0,1.0,94.44,34.0,30.0,2.0,0.0,113.33
SP Narine,118,118,1780,1144,189,116,557,240,40,1,155.59,15.08,26.66,48.69,7,1,109,1150.0,712.0,141.0,70.0,161.52,474.0,301.0,37.0,36.0,157.48,156.0,131.0,11.0,10.0,119.08
SPD Smith,93,93,2495,1999,226,60,660,882,164,7,124.81,26.83,14.31,33.02,11,1,101,510.0,433.0,67.0,10.0,117.78,1279.0,1124.0,96.0,21.0,113.79,706.0,442.0,63.0,29.0,159.73
SR Tendulkar,78,78,2334,2044,296,29,874,721,117,7,114.19,29.92,15.9,42.76,13,1,100,1143.0,1035.0,175.0,10.0,110.43,967.0,866.0,93.0,13.0,111.66,224.0,143.0,28.0,6.0,156.64
SR Watson,141,141,3880,2892,377,190,1248,933,135,8,134.16,27.52,19.61,43.15,21,4,117,1421.0,1292.0,172.0,54.0,109.98,2006.0,1349.0,167.0,110.0,148.7,453.0,251.0,38.0,26.0,180.48
SS Cottrell,1,1,0,2,0,0,2,0,0,0,0.0,0.0,0.0,100.0,0,0,0,0.0,0.0,0.0,0.0,0.0,0.0,0.0,0.0,0.0,0.0,0.0,2.0,0.0,0.0,0.0
SS Iyer,131,131,3735,2905,315,152,1060,1203,167,7,128.57,28.51,16.08,36.49,27,0,97,979.0,906.0,123.0,23.0,108.06,2087.0,1609.0,143.0,87.0,129.71,669.0,390.0,49.0,42.0,171.54
SS Prabhudessai,10,10,126,113,11,4,56,28,12,2,111.5,12.6,13.27,49.56,0,0,34,8.0,13.0,1.0,0.0,61.54,94.0,77.0,9.0,2.0,122.08,24.0,23.0,1.0,2.0,104.35
SS Shaikh,1,1,6,7,1,0,4,2,0,0,85.71,6.0,14.29,57.14,0,0,6,0.0,0.0,0.0,0.0,0.0,6.0,7.0,1.0,0.0,85.71,0.0,0.0,0.0,0.0,0.0
SS Tiwary,73,73,1494,1291,111,50,479,554,95,2,115.72,20.47,12.47,37.1,8,0,61,169.0,172.0,23.0,2.0,98.26,871.0,792.0,54.0,31.0,109.97,454.0,327.0,34.0,17.0,138.84
ST Jayasuriya,30,30,768,573,84,39,292,128,22,7,134.03,25.6,21.47,50.96,4,1,114,514.0,403.0,61.0,27.0,127.54,254.0,170.0,23.0,12.0,149.41,0.0,0.0,0.0,0.0,0.0
STR Binny,66,66,880,700,66,35,268,263,61,7,125.71,13.33,14.43,38.29,0,0,48,18.0,25.0,3.0,0.0,72.0,465.0,409.0,37.0,16.0,113.69,397.0,266.0,26.0,19.0,149.25
SV Samson,171,171,4704,3475,379,219,1258,1382,221,15,135.37,27.51,17.21,36.2,26,3,119,1380.0,1144.0,173.0,44.0,120.63,2544.0,1901.0,150.0,122.0,133.82,780.0,430.0,56.0,53.0,181.4
SW Billings,27,27,503,399,40,20,152,152,34,1,126.07,18.63,15.04,38.1,3,0,56,125.0,100.0,20.0,0.0,125.0,260.0,228.0,14.0,12.0,114.04,118.0,71.0,6.0,8.0,166.2
SW Tait,5,5,23,26,1,1,11,13,0,0,88.46,4.6,7.69,42.31,0,0,11,0.0,0.0,0.0,0.0,0.0,10.0,9.0,0.0,1.0,111.11,13.0,17.0,1.0,0.0,76.47
SZ Mulani,1,1,1,1,0,0,0,1,0,0,100.0,1.0,0.0,0.0,0,0,1,0.0,0.0,0.0,0.0,0.0,0.0,0.0,0.0,0.0,0.0,1.0,1.0,0.0,0.0,100.0
Sachin Baby,11,11,144,123,11,5,50,44,13,0,117.07,13.09,13.01,40.65,0,0,33,0.0,3.0,0.0,0.0,0.0,49.0,55.0,2.0,1.0,89.09,95.0,65.0,9.0,4.0,146.15
Salman Butt,7,7,193,172,30,2,86,47,7,0,112.21,27.57,18.6,50.0,1,0,73,104.0,106.0,18.0,1.0,98.11,73.0,60.0,8.0,1.0,121.67,16.0,6.0,4.0,0.0,266.67
Sameer Rizvi,9,9,172,126,15,9,50,46,6,0,136.51,19.11,19.05,39.68,1,0,58,9.0,11.0,2.0,0.0,81.82,95.0,83.0,7.0,4.0,114.46,68.0,32.0,6.0,5.0,212.5
Sandeep Sharma,26,26,60,79,4,0,34,38,3,0,75.95,2.31,5.06,43.04,0,0,9,0.0,0.0,0.0,0.0,0.0,12.0,15.0,1.0,0.0,80.0,48.0,64.0,3.0,0.0,75.0
Sanvir Singh,5,5,25,22,2,1,9,9,1,0,113.64,5.0,13.64,40.91,0,0,8,7.0,5.0,0.0,1.0,140.0,0.0,2.0,0.0,0.0,0.0,18.0,15.0,2.0,0.0,120.0
Saurav Chauhan,3,3,18,16,1,1,7,6,1,0,112.5,6.0,12.5,43.75,0,0,9,0.0,0.0,0.0,0.0,0.0,1.0,2.0,0.0,0.0,50.0,17.0,14.0,1.0,1.0,121.43
Sediqullah Atal,1,1,22,16,0,2,6,6,2,0,137.5,22.0,12.5,37.5,0,0,22,0.0,0.0,0.0,0.0,0.0,22.0,16.0,0.0,2.0,137.5,0.0,0.0,0.0,0.0,0.0
Shahbaz Ahmed,38,38,545,475,29,25,184,197,38,2,114.74,14.34,11.37,38.74,1,0,59,21.0,27.0,0.0,1.0,77.78,258.0,251.0,14.0,8.0,102.79,266.0,197.0,15.0,16.0,135.03
Shahid Afridi,9,9,81,46,7,6,20,12,0,0,176.09,9.0,28.26,43.48,0,0,33,43.0,18.0,4.0,3.0,238.89,16.0,18.0,1.0,1.0,88.89,22.0,10.0,2.0,2.0,220.0
Shakib Al Hasan,52,52,795,665,73,21,239,287,45,0,119.55,15.29,14.14,35.94,2,0,66,37.0,38.0,5.0,1.0,97.37,429.0,375.0,39.0,10.0,114.4,329.0,252.0,29.0,10.0,130.56
Shashank Singh,33,33,773,510,56,43,159,214,37,1,151.57,23.42,19.41,31.18,5,0,68,34.0,28.0,6.0,0.0,121.43,315.0,254.0,20.0,15.0,124.02,424.0,228.0,30.0,28.0,185.96
Shivam Mavi,11,11,51,58,4,2,32,17,3,0,87.93,4.64,10.34,55.17,0,0,20,0.0,0.0,0.0,0.0,0.0,3.0,6.0,0.0,0.0,50.0,48.0,52.0,4.0,2.0,92.31
Shivam Sharma,2,2,5,3,1,0,1,1,0,0,166.67,2.5,33.33,33.33,0,0,4,0.0,0.0,0.0,0.0,0.0,0.0,0.0,0.0,0.0,0.0,5.0,3.0,1.0,0.0,166.67
Shivam Singh,1,1,2,3,0,0,1,2,0,0,66.67,2.0,0.0,33.33,0,0,2,0.0,0.0,0.0,0.0,0.0,0.0,0.0,0.0,0.0,0.0,2.0,3.0,0.0,0.0,66.67
Shoaib Ahmed,3,3,1,6,0,0,5,1,0,0,16.67,0.33,0.0,83.33,0,0,1,0.0,0.0,0.0,0.0,0.0,1.0,2.0,0.0,0.0,50.0,0.0,4.0,0.0,0.0,0.0
Shoaib Akhtar,1,1,2,8,0,0,6,2,0,0,25.0,2.0,0.0,75.0,0,0,2,0.0,0.0,0.0,0.0,0.0,2.0,6.0,0.0,0.0,33.33,0.0,2.0,0.0,0.0,0.0
Shoaib Malik,5,5,52,49,5,0,16,24,4,0,106.12,10.4,10.2,32.65,0,0,24,17.0,14.0,3.0,0.0,121.43,27.0,28.0,1.0,0.0,96.43,8.0,7.0,1.0,0.0,114.29
Shubman Gill,114,114,3866,2867,372,119,952,1195,218,11,134.84,33.91,17.13,33.21,26,4,129,1714.0,1347.0,219.0,39.0,127.25,1715.0,1222.0,120.0,61.0,140.34,437.0,298.0,33.0,19.0,146.64
Sikandar Raza,9,9,182,143,12,8,59,44,18,2,127.27,20.22,13.99,41.26,1,0,57,8.0,9.0,0.0,0.0,88.89,127.0,96.0,9.0,6.0,132.29,47.0,38.0,3.0,2.0,123.68
Simarjeet Singh,6,6,10,15,0,0,7,6,2,0,66.67,1.67,0.0,46.67,0,0,3,0.0,0.0,0.0,0.0,0.0,2.0,3.0,0.0,0.0,66.67,8.0,12.0,0.0,0.0,66.67
Sohail Tanvir,5,5,36,31,3,1,11,14,2,0,116.13,7.2,12.9,35.48,0,0,13,13.0,8.0,1.0,1.0,162.5,11.0,10.0,2.0,0.0,110.0,12.0,13.0,0.0,0.0,92.31
Sumit Kumar,3,3,18,26,2,1,19,4,0,0,69.23,6.0,11.54,73.08,0,0,9,0.0,2.0,0.0,0.0,0.0,16.0,13.0,2.0,1.0,123.08,2.0,11.0,0.0,0.0,18.18
Sunny Gupta,1,1,0,1,0,0,1,0,0,0,0.0,0.0,0.0,100.0,0,0,0,0.0,0.0,0.0,0.0,0.0,0.0,0.0,0.0,0.0,0.0,0.0,1.0,0.0,0.0,0.0
Sunny Singh,5,5,43,31,6,1,12,11,1,0,138.71,8.6,22.58,38.71,0,0,20,15.0,8.0,3.0,0.0,187.5,21.0,14.0,2.0,1.0,150.0,7.0,9.0,1.0,0.0,77.78
Suryansh Shedge,3,3,7,12,0,0,6,5,1,0,58.33,2.33,0.0,50.0,0,0,4,0.0,0.0,0.0,0.0,0.0,4.0,4.0,0.0,0.0,100.0,3.0,8.0,0.0,0.0,37.5
Swapnil Singh,9,9,51,46,3,3,21,17,2,0,110.87,5.67,13.04,45.65,0,0,15,0.0,0.0,0.0,0.0,0.0,25.0,26.0,2.0,1.0,96.15,26.0,20.0,1.0,2.0,130.0
T Banton,2,2,18,22,1,1,13,6,1,0,81.82,9.0,9.09,59.09,0,0,10,18.0,22.0,1.0,1.0,81.82,0.0,0.0,0.0,0.0,0.0,0.0,0.0,0.0,0.0,0.0
T Henderson,2,2,11,16,0,1,11,3,1,0,68.75,5.5,6.25,68.75,0,0,11,2.0,10.0,0.0,0.0,20.0,9.0,6.0,0.0,1.0,150.0,0.0,0.0,0.0,0.0,0.0
T Kohler-Cadmore,3,3,48,54,7,1,33,12,1,0,88.89,16.0,14.81,61.11,0,0,20,47.0,51.0,7.0,1.0,92.16,1.0,3.0,0.0,0.0,33.33,0.0,0.0,0.0,0.0,0.0
T Kohli,3,3,11,20,0,1,14,5,0,0,55.0,3.67,5.0,70.0,0,0,7,7.0,13.0,0.0,1.0,53.85,0.0,0.0,0.0,0.0,0.0,4.0,7.0,0.0,0.0,57.14
T Natarajan,2,2,3,5,0,0,2,3,0,0,60.0,1.5,0.0,40.0,0,0,3,0.0,0.0,0.0,0.0,0.0,0.0,0.0,0.0,0.0,0.0,3.0,5.0,0.0,0.0,60.0
T Shamsi,1,1,2,4,0,0,2,2,0,0,50.0,2.0,0.0,50.0,0,0,2,0.0,0.0,0.0,0.0,0.0,0.0,0.0,0.0,0.0,0.0,2.0,4.0,0.0,0.0,50.0
T Stubbs,30,30,711,442,51,38,108,213,30,2,160.86,23.7,20.14,24.43,3,0,71,18.0,13.0,2.0,1.0,138.46,254.0,226.0,10.0,11.0,112.39,439.0,203.0,39.0,26.0,216.26
T Taibu,3,3,31,26,3,0,9,9,5,0,119.23,10.33,11.54,34.62,0,0,15,0.0,0.0,0.0,0.0,0.0,19.0,18.0,2.0,0.0,105.56,12.0,8.0,1.0,0.0,150.0
T Thushara,4,4,12,19,0,0,10,6,3,0,63.16,3.0,0.0,52.63,0,0,8,0.0,0.0,0.0,0.0,0.0,0.0,0.0,0.0,0.0,0.0,12.0,19.0,0.0,0.0,63.16
TA Boult,24,24,85,86,5,3,40,29,9,0,98.84,3.54,9.3,46.51,0,0,17,0.0,0.0,0.0,0.0,0.0,7.0,8.0,1.0,0.0,87.5,78.0,78.0,4.0,3.0,100.0
TD Paine,2,2,10,29,0,0,19,10,0,0,34.48,5.0,0.0,65.52,0,0,8,10.0,29.0,0.0,0.0,34.48,0.0,0.0,0.0,0.0,0.0,0.0,0.0,0.0,0.0,0.0
TG Southee,19,19,120,108,8,4,47,37,11,0,111.11,6.32,11.11,43.52,0,0,36,0.0,0.0,0.0,0.0,0.0,14.0,27.0,1.0,0.0,51.85,106.0,81.0,7.0,4.0,130.86
TH David,44,44,846,524,54,60,184,184,40,2,161.45,19.23,21.76,35.11,1,0,50,0.0,0.0,0.0,0.0,0.0,170.0,138.0,10.0,9.0,123.19,676.0,386.0,44.0,51.0,175.13
TK Curran,10,10,127,108,10,3,37,47,11,0,117.59,12.7,12.04,34.26,1,0,54,0.0,0.0,0.0,0.0,0.0,58.0,58.0,5.0,0.0,100.0,69.0,50.0,5.0,3.0,138.0
TL Seifert,3,3,26,26,4,0,15,5,1,1,100.0,8.67,15.38,57.69,0,0,21,24.0,21.0,4.0,0.0,114.29,0.0,0.0,0.0,0.0,0.0,2.0,5.0,0.0,0.0,40.0
TL Suman,39,39,676,587,55,26,255,205,43,3,115.16,17.33,13.8,43.44,2,0,78,185.0,185.0,22.0,6.0,100.0,347.0,292.0,23.0,14.0,118.84,144.0,110.0,10.0,6.0,130.91
TM Dilshan,50,50,1153,1047,140,24,492,335,54,2,110.12,23.06,15.66,46.99,9,0,76,488.0,456.0,77.0,8.0,107.02,466.0,467.0,45.0,7.0,99.79,199.0,124.0,18.0,9.0,160.48
TM Head,37,37,1146,706,126,55,254,230,41,0,162.32,30.97,25.64,35.98,8,1,102,673.0,383.0,92.0,32.0,175.72,373.0,264.0,28.0,18.0,141.29,100.0,59.0,6.0,5.0,169.49
TM Srivastava,3,3,8,11,0,0,5,5,0,1,72.73,2.67,0.0,45.45,0,0,7,0.0,0.0,0.0,0.0,0.0,2.0,4.0,0.0,0.0,50.0,6.0,7.0,0.0,0.0,85.71
TR Birt,5,5,75,59,9,2,27,15,6,0,127.12,15.0,18.64,45.76,0,0,27,0.0,0.0,0.0,0.0,0.0,15.0,22.0,0.0,0.0,68.18,60.0,37.0,9.0,2.0,162.16
TS Mills,5,5,8,14,0,1,11,2,0,0,57.14,1.6,7.14,78.57,0,0,6,0.0,0.0,0.0,0.0,0.0,2.0,5.0,0.0,0.0,40.0,6.0,9.0,0.0,1.0,66.67
TU Deshpande,8,8,28,24,2,1,10,8,3,0,116.67,3.5,12.5,41.67,0,0,20,0.0,0.0,0.0,0.0,0.0,0.0,0.0,0.0,0.0,0.0,28.0,24.0,2.0,1.0,116.67
Tanush Kotian,1,1,24,32,3,0,18,10,1,0,75.0,24.0,9.38,56.25,0,0,24,18.0,21.0,3.0,0.0,85.71,6.0,11.0,0.0,0.0,54.55,0.0,0.0,0.0,0.0,0.0
Tilak Varma,51,51,1499,1089,113,74,376,453,69,4,137.65,29.39,17.17,34.53,8,0,84,151.0,123.0,14.0,7.0,122.76,959.0,734.0,70.0,42.0,130.65,389.0,232.0,29.0,25.0,167.67
U Kaul,1,1,0,1,0,0,1,0,0,0,0.0,0.0,0.0,100.0,0,0,0,0.0,0.0,0.0,0.0,0.0,0.0,0.0,0.0,0.0,0.0,0.0,1.0,0.0,0.0,0.0
UA Birla,1,1,7,15,1,0,11,3,0,0,46.67,7.0,6.67,73.33,0,0,7,6.0,9.0,1.0,0.0,66.67,1.0,6.0,0.0,0.0,16.67,0.0,0.0,0.0,0.0,0.0
UBT Chand,20,20,300,314,32,9,170,88,15,0,95.54,15.0,13.06,54.14,1,0,58,120.0,149.0,13.0,6.0,80.54,150.0,146.0,14.0,3.0,102.74,30.0,19.0,5.0,0.0,157.89
UT Khawaja,6,6,127,105,14,3,43,38,6,1,120.95,21.17,16.19,40.95,0,0,30,107.0,79.0,13.0,3.0,135.44,20.0,26.0,1.0,0.0,76.92,0.0,0.0,0.0,0.0,0.0
UT Yadav,48,48,208,211,16,9,106,70,10,0,98.58,4.33,11.85,50.24,0,0,24,0.0,0.0,0.0,0.0,0.0,3.0,13.0,0.0,0.0,23.08,205.0,198.0,16.0,9.0,103.54
Umar Gul,4,4,39,19,1,5,8,5,0,0,205.26,9.75,31.58,42.11,0,0,24,0.0,0.0,0.0,0.0,0.0,0.0,0.0,0.0,0.0,0.0,39.0,19.0,1.0,5.0,205.26
Umran Malik,5,5,23,16,1,2,8,3,2,0,143.75,4.6,18.75,50.0,0,0,19,0.0,0.0,0.0,0.0,0.0,0.0,0.0,0.0,0.0,0.0,23.0,16.0,1.0,2.0,143.75
Urvil Patel,3,3,68,34,5,6,13,9,0,1,200.0,22.67,32.35,38.24,0,0,37,42.0,23.0,1.0,5.0,182.61,26.0,11.0,4.0,1.0,236.36,0.0,0.0,0.0,0.0,0.0
V Kohli,259,259,8671,6702,774,292,2331,2808,476,21,129.38,33.48,15.91,34.78,63,8,113,3127.0,2555.0,391.0,76.0,122.39,4037.0,3299.0,272.0,127.0,122.37,1507.0,848.0,111.0,89.0,177.71
V Nigam,8,8,142,82,16,8,30,26,2,0,173.17,17.75,29.27,36.59,0,0,39,20.0,8.0,3.0,1.0,250.0,53.0,34.0,5.0,3.0,155.88,69.0,40.0,8.0,4.0,172.5
V Pratap Singh,1,1,0,1,0,0,1,0,0,0,0.0,0.0,0.0,100.0,0,0,0,0.0,0.0,0.0,0.0,0.0,0.0,0.0,0.0,0.0,0.0,0.0,1.0,0.0,0.0,0.0
V Sehwag,104,104,2728,1833,334,106,737,558,96,2,148.83,26.23,24.0,40.21,16,2,122,1593.0,1160.0,230.0,46.0,137.33,1062.0,638.0,96.0,55.0,166.46,73.0,35.0,8.0,5.0,208.57
V Shankar,63,63,1233,985,88,48,339,428,81,1,125.18,19.57,13.81,34.42,7,0,69,127.0,134.0,16.0,2.0,94.78,591.0,526.0,41.0,16.0,112.36,515.0,325.0,31.0,30.0,158.46
V Suryavanshi,7,7,252,129,18,24,53,32,2,0,195.35,36.0,32.56,41.09,1,1,101,144.0,76.0,11.0,14.0,189.47,108.0,53.0,7.0,10.0,203.77,0.0,0.0,0.0,0.0,0.0
V Viyaskanth,1,1,7,5,0,0,0,4,0,1,140.0,7.0,0.0,0.0,0,0,7,0.0,0.0,0.0,0.0,0.0,0.0,0.0,0.0,0.0,0.0,7.0,5.0,0.0,0.0,140.0
VG Arora,9,9,9,25,0,0,17,7,1,0,36.0,1.0,0.0,68.0,0,0,2,0.0,0.0,0.0,0.0,0.0,0.0,7.0,0.0,0.0,0.0,9.0,18.0,0.0,0.0,50.0
VH Zol,2,2,29,26,3,1,13,7,2,0,111.54,14.5,15.38,50.0,0,0,16,22.0,21.0,2.0,1.0,104.76,7.0,5.0,1.0,0.0,140.0,0.0,0.0,0.0,0.0,0.0
VR Aaron,12,12,50,73,2,2,43,22,4,0,68.49,4.17,5.48,58.9,0,0,17,0.0,0.0,0.0,0.0,0.0,0.0,1.0,0.0,0.0,0.0,50.0,72.0,2.0,2.0,69.44
VR Iyer,56,56,1468,1107,136,65,448,386,70,1,132.61,26.21,18.16,40.47,12,1,104,596.0,473.0,70.0,25.0,126.0,728.0,542.0,51.0,33.0,134.32,144.0,92.0,15.0,7.0,156.52
VRV Singh,2,2,4,3,1,0,2,0,0,0,133.33,2.0,33.33,66.67,0,0,4,0.0,0.0,0.0,0.0,0.0,0.0,0.0,0.0,0.0,0.0,4.0,3.0,1.0,0.0,133.33
VS Malik,2,2,7,7,1,0,3,3,0,0,100.0,3.5,14.29,42.86,0,0,6,0.0,0.0,0.0,0.0,0.0,0.0,0.0,0.0,0.0,0.0,7.0,7.0,1.0,0.0,100.0
VS Yeligati,1,1,2,2,0,0,1,0,1,0,100.0,2.0,0.0,50.0,0,0,2,0.0,0.0,0.0,0.0,0.0,0.0,0.0,0.0,0.0,0.0,2.0,2.0,0.0,0.0,100.0
VVS Laxman,20,20,282,271,33,5,123,100,10,0,104.06,14.1,14.02,45.39,1,0,52,187.0,191.0,24.0,4.0,97.91,92.0,74.0,9.0,1.0,124.32,3.0,6.0,0.0,0.0,50.0
VY Mahesh,5,5,15,28,0,0,15,11,2,0,53.57,3.0,0.0,53.57,0,0,6,0.0,0.0,0.0,0.0,0.0,3.0,8.0,0.0,0.0,37.5,12.0,20.0,0.0,0.0,60.0
Vijaykumar Vyshak,4,4,14,13,0,1,5,6,1,0,107.69,3.5,7.69,38.46,0,0,13,0.0,0.0,0.0,0.0,0.0,0.0,0.0,0.0,0.0,0.0,14.0,13.0,0.0,1.0,107.69
Virat Singh,2,2,15,26,1,0,14,11,0,0,57.69,7.5,3.85,53.85,0,0,11,0.0,2.0,0.0,0.0,0.0,15.0,24.0,1.0,0.0,62.5,0.0,0.0,0.0,0.0,0.0
Vishnu Vinod,6,6,56,58,3,3,27,24,1,0,96.55,9.33,10.34,46.55,0,0,30,10.0,21.0,1.0,0.0,47.62,34.0,26.0,2.0,2.0,130.77,12.0,11.0,0.0,1.0,109.09
Vivrant Sharma,1,1,69,49,9,2,18,19,1,0,140.82,69.0,22.45,36.73,1,0,69,27.0,24.0,5.0,0.0,112.5,42.0,25.0,4.0,2.0,168.0,0.0,0.0,0.0,0.0,0.0
W Jaffer,8,8,130,129,14,3,64,41,6,1,100.78,16.25,13.18,49.61,1,0,50,77.0,95.0,9.0,1.0,81.05,53.0,34.0,5.0,2.0,155.88,0.0,0.0,0.0,0.0,0.0
WA Mota,8,8,56,76,2,0,30,40,4,0,73.68,7.0,2.63,39.47,0,0,25,0.0,0.0,0.0,0.0,0.0,33.0,48.0,1.0,0.0,68.75,23.0,28.0,1.0,0.0,82.14
WD Parnell,13,13,65,86,4,1,43,33,5,0,75.58,5.0,5.81,50.0,0,0,16,11.0,15.0,2.0,0.0,73.33,5.0,8.0,0.0,0.0,62.5,49.0,63.0,2.0,1.0,77.78
WG Jacks,19,19,463,306,38,29,113,115,11,0,151.31,24.37,21.9,36.93,2,1,100,190.0,128.0,20.0,10.0,148.44,244.0,172.0,17.0,15.0,141.86,29.0,6.0,1.0,4.0,483.33
WP Saha,143,143,2934,2368,296,87,935,878,166,6,123.9,20.52,16.17,39.48,13,1,115,1389.0,1081.0,191.0,41.0,128.49,988.0,925.0,65.0,22.0,106.81,557.0,362.0,40.0,24.0,153.87
WPUJC Vaas,11,11,81,73,2,3,24,33,11,0,110.96,7.36,6.85,32.88,0,0,20,0.0,0.0,0.0,0.0,0.0,22.0,20.0,0.0,1.0,110.0,59.0,53.0,2.0,2.0,111.32
Washington Sundar,43,43,511,426,42,16,159,175,30,4,119.95,11.88,13.62,37.32,0,0,49,40.0,35.0,3.0,2.0,114.29,190.0,184.0,15.0,4.0,103.26,281.0,207.0,24.0,10.0,135.75
X Thalaivan Sargunam,1,1,10,17,0,0,9,6,2,0,58.82,10.0,0.0,52.94,0,0,10,0.0,0.0,0.0,0.0,0.0,8.0,14.0,0.0,0.0,57.14,2.0,3.0,0.0,0.0,66.67
XC Bartlett,1,1,11,15,1,0,7,7,0,0,73.33,11.0,6.67,46.67,0,0,11,0.0,0.0,0.0,0.0,0.0,10.0,14.0,1.0,0.0,71.43,1.0,1.0,0.0,0.0,100.0
Y Gnaneswara Rao,1,1,19,18,3,0,9,5,1,0,105.56,19.0,16.67,50.0,0,0,19,15.0,13.0,2.0,0.0,115.38,4.0,5.0,1.0,0.0,80.0,0.0,0.0,0.0,0.0,0.0
Y Nagar,20,20,285,271,20,9,113,109,18,2,105.17,14.25,10.7,41.7,0,0,44,2.0,3.0,0.0,0.0,66.67,104.0,133.0,5.0,1.0,78.2,179.0,135.0,15.0,8.0,132.59
Y Prithvi Raj,1,1,0,1,0,0,1,0,0,0,0.0,0.0,0.0,100.0,0,0,0,0.0,0.0,0.0,0.0,0.0,0.0,0.0,0.0,0.0,0.0,0.0,1.0,0.0,0.0,0.0
Y Venugopal Rao,52,52,985,865,77,37,355,341,53,1,113.87,18.94,13.18,41.04,3,0,71,76.0,102.0,9.0,0.0,74.51,522.0,503.0,36.0,20.0,103.78,387.0,260.0,32.0,17.0,148.85
YA Abdulla,1,1,0,1,0,0,1,0,0,0,0.0,0.0,0.0,100.0,0,0,0,0.0,0.0,0.0,0.0,0.0,0.0,0.0,0.0,0.0,0.0,0.0,1.0,0.0,0.0,0.0
YBK Jaiswal,66,66,2166,1454,259,92,593,448,56,6,148.97,32.82,24.14,40.78,15,2,124,1378.0,892.0,194.0,58.0,154.48,700.0,518.0,56.0,28.0,135.14,88.0,44.0,9.0,6.0,200.0
YK Pathan,153,153,3222,2334,263,161,872,877,156,5,138.05,21.06,18.17,37.36,13,1,100,361.0,256.0,47.0,16.0,141.02,1735.0,1346.0,123.0,89.0,128.9,1126.0,732.0,93.0,56.0,153.83
YS Chahal,17,17,37,89,0,0,57,28,3,1,41.57,2.18,0.0,64.04,0,0,8,0.0,0.0,0.0,0.0,0.0,4.0,23.0,0.0,0.0,17.39,33.0,66.0,0.0,0.0,50.0
YV Dhull,3,3,16,23,1,0,10,12,0,0,69.57,5.33,4.35,43.48,0,0,13,2.0,9.0,0.0,0.0,22.22,14.0,14.0,1.0,0.0,100.0,0.0,0.0,0.0,0.0,0.0
YV Takawale,10,10,192,183,26,3,100,41,12,0,104.92,19.2,15.85,54.64,0,0,45,121.0,137.0,19.0,1.0,88.32,42.0,33.0,3.0,1.0,127.27,29.0,13.0,4.0,1.0,223.08
Yash Dayal,4,4,4,9,0,0,6,2,1,0,44.44,1.0,0.0,66.67,0,0,3,0.0,0.0,0.0,0.0,0.0,0.0,1.0,0.0,0.0,0.0,4.0,8.0,0.0,0.0,50.0
Yashpal Singh,4,4,47,67,5,0,39,20,2,1,70.15,11.75,7.46,58.21,0,0,20,17.0,37.0,2.0,0.0,45.95,13.0,17.0,0.0,0.0,76.47,17.0,13.0,3.0,0.0,130.77
Younis Khan,1,1,3,7,0,0,4,3,0,0,42.86,3.0,0.0,57.14,0,0,3,3.0,7.0,0.0,0.0,42.86,0.0,0.0,0.0,0.0,0.0,0.0,0.0,0.0,0.0,0.0
Yudhvir Singh,4,4,22,16,1,2,8,4,1,0,137.5,5.5,18.75,50.0,0,0,14,0.0,0.0,0.0,0.0,0.0,2.0,4.0,0.0,0.0,50.0,20.0,12.0,1.0,2.0,166.67
Yuvraj Singh,126,126,2754,2207,218,149,977,741,119,3,124.78,21.86,16.63,44.27,13,0,83,193.0,197.0,26.0,5.0,97.97,1655.0,1475.0,130.0,76.0,112.2,906.0,535.0,62.0,68.0,169.35
Z Khan,27,27,117,141,11,2,74,47,7,0,82.98,4.33,9.22,52.48,0,0,23,0.0,3.0,0.0,0.0,0.0,9.0,29.0,0.0,0.0,31.03,108.0,109.0,11.0,2.0,99.08
